SampleID,Variety,Country,Group,OsSNP001,OsSNP002,OsSNP003,OsSNP004,OsSNP005,OsSNP006,OsSNP007,OsSNP008,OsSNP009,OsSNP010,OsSNP011,OsSNP012,OsSNP013,OsSNP014,OsSNP015,OsSNP016,OsSNP017,OsSNP018,OsSNP019,OsSNP020,Coverage,Heterozygosity,Yield_per_plant,Height,Grain_weight,Drought_Tolerance,Rainfall_mm,Temperature_C,Soil_Type,State
IND0001,Pusa Basmati 1121,India,Traditional,2,1,1,1,0,1,1,1,0,1,2,2,2,1,0,2,0,0,0,2,3.63,0.322,29.29,97.7,29.21,1,1393.6,26.6,Loam,Assam
IND0002,Pusa Basmati 1509,India,Japonica,2,1,1,1,0,0,0,2,2,1,2,1,2,1,1,1,0,0,2,2,0.96,0.312,32.26,91.8,28.0,1,1324.6,30.0,Black,Maharashtra
IND0003,Pusa Basmati 6,India,Hybrid,1,1,1,2,1,1,1,2,2,2,0,2,2,1,0,2,2,0,0,0,2.71,0.214,38.83,120.3,29.1,1,511.9,25.1,Alluvial,Punjab
IND0004,Pusa Basmati 1,India,Hybrid,1,2,0,2,2,2,0,2,2,2,2,1,0,2,2,1,1,1,0,2,2.93,0.329,43.12,99.9,31.52,1,668.1,22.6,Alluvial,Haryana
IND0005,Sona Masuri,India,Improved,2,1,0,0,0,2,0,0,2,1,0,2,1,0,0,1,0,0,2,2,3.89,0.303,28.49,82.3,32.0,0,1310.9,23.6,Black,Himachal Pradesh
IND0006,Swarna,India,Hybrid,2,2,2,1,1,0,0,2,0,1,1,0,0,2,1,2,2,2,2,1,1.85,0.275,33.55,110.2,33.91,1,476.9,34.3,Clay,Gujarat
IND0007,MTU 1010,India,Improved,0,0,2,0,1,1,0,2,1,1,2,2,1,0,1,2,1,2,0,1,2.93,0.343,35.55,106.4,35.25,1,1194.0,22.2,Alluvial,Uttar Pradesh
IND0008,IR 64,India,Japonica,2,1,1,2,2,2,0,1,0,1,0,1,0,1,1,2,2,1,0,2,3.12,0.267,39.95,124.0,24.08,1,470.7,29.4,Alluvial,Punjab
IND0009,Jaya,India,Hybrid,1,0,2,1,2,1,0,0,1,2,2,1,2,1,0,1,1,2,2,0,2.4,0.258,28.92,112.3,35.07,0,787.2,23.1,Alluvial,Haryana
IND0010,Ratna,India,Traditional,2,2,0,0,2,2,1,0,1,1,0,0,0,2,1,2,2,0,2,1,3.57,0.198,37.8,111.9,28.55,0,942.5,23.7,Black,Andhra Pradesh
IND0011,Ponni,India,Hybrid,1,1,0,0,2,2,0,0,1,2,0,2,2,2,0,2,0,2,2,0,2.18,0.209,33.9,117.9,35.83,1,2770.9,20.2,Sandy Loam,Assam
IND0012,Ambemohar,India,Indica,2,0,0,2,0,2,1,2,2,2,1,2,0,1,0,2,0,2,1,1,1.67,0.322,40.6,114.3,33.15,1,1481.3,25.7,Loam,Chhattisgarh
IND0013,Govind Bhog,India,Aromatic,1,2,1,1,1,1,0,0,2,0,1,1,2,1,0,0,0,0,2,0,1.34,0.159,37.81,116.9,31.99,0,1434.9,25.1,Clay,Telangana
IND0014,Kalanamak,India,Traditional,1,1,0,1,0,1,0,2,2,1,1,1,0,1,0,0,0,1,2,1,0.69,0.302,38.77,92.6,31.41,0,729.7,28.4,Sandy Loam,Rajasthan
IND0015,Jeeragasamba,India,Traditional,2,0,1,0,0,2,1,1,1,1,1,1,1,2,0,2,1,0,0,1,0.51,0.2,29.39,121.4,28.96,0,768.2,26.2,Alluvial,Haryana
IND0016,Lal Matta,India,Traditional,0,2,1,2,1,1,0,1,0,2,2,0,1,2,1,2,1,0,1,2,2.29,0.32,44.86,103.2,34.69,0,1011.0,25.1,Clay,Madhya Pradesh
IND0017,Navara,India,Japonica,2,2,2,0,2,0,0,2,1,2,1,2,2,2,1,1,0,2,1,2,2.04,0.188,37.47,95.5,31.12,1,1123.0,21.3,Red,Bihar
IND0018,Basmati 370,India,Aromatic,0,2,0,2,2,1,0,0,1,2,2,2,0,2,2,0,2,1,2,2,1.47,0.241,39.92,109.9,23.69,0,433.6,29.3,Laterite,Rajasthan
IND0019,Dubraj,India,Indica,1,2,1,0,2,2,0,1,0,1,1,2,1,0,0,1,2,1,1,0,2.96,0.267,42.16,92.0,31.67,1,330.7,29.5,Clay,Rajasthan
IND0020,Kolam,India,Indica,0,1,0,1,0,0,1,0,0,1,1,0,1,0,0,1,2,2,1,2,2.18,0.206,32.02,111.7,35.77,0,882.5,28.6,Black,Madhya Pradesh
IND0021,Kala Namak,India,Japonica,2,2,2,0,1,0,2,2,0,1,2,2,2,2,1,0,0,2,2,1,1.24,0.295,40.6,133.3,30.88,1,485.6,29.5,Alluvial,Haryana
IND0022,Gobindobhog,India,Japonica,2,0,1,2,1,0,0,2,0,0,1,0,1,2,2,2,2,1,1,2,2.05,0.322,37.92,125.3,27.65,1,984.8,24.7,Red,Uttarakhand
IND0023,Chinnor,India,Aromatic,1,2,1,0,2,1,0,0,0,1,0,0,1,1,0,0,0,1,2,1,2.39,0.275,31.78,99.7,24.31,0,1077.4,24.7,Sandy Loam,Jharkhand
IND0024,Indrayani,India,Improved,0,2,2,1,1,0,2,1,0,2,1,2,0,0,0,1,1,1,1,2,2.44,0.283,28.38,81.9,32.64,0,1966.9,21.0,Laterite,Kerala
IND0025,Karjat 3,India,Traditional,0,2,2,0,0,2,0,1,0,1,0,0,0,2,0,0,1,0,0,2,3.04,0.269,40.02,101.8,23.75,0,1226.0,23.3,Black,Andhra Pradesh
IND0026,Kanak Jeera,India,Aromatic,2,2,0,0,1,2,1,2,2,2,0,2,1,2,0,2,2,2,1,2,2.0,0.348,32.4,100.7,31.52,1,326.8,27.9,Laterite,Rajasthan
IND0027,Kataribhog,India,Traditional,0,0,0,2,2,1,0,0,1,2,1,1,1,1,1,2,2,0,2,2,1.7,0.258,37.64,110.9,32.85,0,963.0,21.8,Sandy Loam,Jharkhand
IND0028,Badshah Bhog,India,Aromatic,0,0,2,1,1,1,1,1,1,2,2,2,0,1,1,1,1,0,1,0,3.78,0.236,37.37,106.7,28.61,0,747.6,22.6,Alluvial,Haryana
IND0029,Hansraj,India,Hybrid,0,0,2,0,1,1,2,1,1,1,0,2,2,2,0,0,2,0,0,2,1.49,0.235,29.5,104.7,27.59,0,685.6,33.0,Alluvial,Rajasthan
IND0030,Sharbati,India,Improved,1,2,1,1,1,0,1,2,2,2,2,2,0,0,0,2,0,0,1,2,3.2,0.346,37.42,119.7,32.38,1,949.5,25.9,Alluvial,Jharkhand
IND0031,Sugandha,India,Japonica,1,2,1,1,1,2,0,1,2,1,0,1,2,1,2,1,0,0,0,1,3.93,0.284,33.18,78.6,35.22,0,1185.9,23.7,Sandy Loam,Chhattisgarh
IND0032,Krishna Hamsa,India,Improved,0,0,0,0,1,2,1,1,1,1,0,1,2,2,0,0,0,1,0,1,3.81,0.29,33.16,81.0,33.75,0,1352.9,29.5,Red,Tamil Nadu
IND0033,Luchai,India,Traditional,1,1,1,1,0,2,2,0,2,2,1,0,1,1,0,1,1,1,2,0,2.95,0.291,42.74,102.9,33.01,0,1221.8,25.9,Red,Jharkhand
IND0034,Moti,India,Traditional,1,2,2,1,2,2,0,1,0,0,0,0,1,0,0,2,2,2,0,1,3.64,0.194,33.88,86.9,34.29,0,1060.7,26.7,Black,Maharashtra
IND0035,Neela,India,Traditional,2,0,0,1,1,2,1,1,0,0,2,1,0,1,0,1,1,0,1,1,1.79,0.3,27.71,88.1,33.58,1,914.7,31.6,Clay,Maharashtra
IND0036,Rajendra Bhagwati,India,Aromatic,1,1,0,0,2,0,2,1,1,2,1,1,1,1,0,2,1,0,0,1,1.31,0.221,34.91,88.8,26.84,1,824.5,26.1,Mountain,Bihar
IND0037,Rajendra Sweta,India,Improved,1,2,0,2,1,1,2,2,0,2,0,1,0,0,1,1,0,0,1,0,0.63,0.173,35.46,110.8,25.03,1,428.0,29.1,Alluvial,Punjab
IND0038,Rajendra Kasturi,India,Indica,1,1,1,2,2,0,2,1,2,2,0,2,0,1,2,0,2,2,1,1,2.13,0.159,36.0,81.5,27.11,1,608.6,28.8,Alluvial,Haryana
IND0039,Sahyadri,India,Indica,2,2,1,2,2,2,2,1,2,2,0,1,1,1,1,2,1,2,1,1,1.7,0.267,38.17,109.8,33.34,1,2872.2,26.2,Alluvial,West Bengal
IND0040,Pusa Sugandha 5,India,Aromatic,2,2,2,1,1,0,0,0,2,1,1,1,1,1,2,1,1,0,1,2,2.39,0.338,37.99,104.8,32.57,0,1486.9,29.9,Red,Karnataka
IND0041,Pusa RH 10,India,Hybrid,2,0,0,0,0,2,0,1,1,0,0,2,1,2,2,1,2,1,2,1,2.96,0.21,32.41,78.2,24.1,1,1394.3,29.4,Laterite,Kerala
IND0042,DRR 44,India,Aromatic,1,0,0,2,0,2,1,2,1,2,1,1,1,2,0,0,2,0,2,2,1.85,0.206,33.83,111.6,28.17,0,2671.2,23.1,Laterite,Odisha
IND0043,Ajay,India,Improved,1,0,1,0,0,1,2,1,0,1,0,0,0,2,0,2,0,2,2,1,1.76,0.165,29.77,98.2,24.98,0,2681.1,29.2,Mountain,Odisha
IND0044,Amrit,India,Japonica,0,0,2,1,0,1,2,0,1,2,0,2,1,2,0,1,0,0,2,2,2.17,0.312,33.15,114.2,34.47,0,2066.2,24.4,Laterite,Kerala
IND0045,Annada,India,Improved,1,2,0,1,0,2,1,2,1,0,0,1,2,1,0,0,1,1,1,0,2.28,0.329,34.77,95.3,30.09,0,1452.8,24.7,Sandy Loam,Andhra Pradesh
IND0046,Arize,India,Japonica,2,2,2,0,2,2,0,1,2,1,0,2,2,0,0,1,2,0,1,2,0.52,0.244,39.31,105.0,26.67,1,703.6,22.3,Alluvial,Haryana
IND0047,Akshay,India,Improved,2,2,1,2,1,2,0,1,2,0,1,2,2,1,2,0,0,1,2,0,2.01,0.207,30.88,118.6,27.75,1,310.1,24.1,Alluvial,Haryana
IND0048,BPT 5204,India,Indica,0,2,0,1,1,0,2,0,0,2,2,1,2,2,0,0,0,2,0,2,2.43,0.169,36.38,92.0,35.92,0,984.8,24.3,Red,Chhattisgarh
IND0049,BPT 2231,India,Aromatic,2,2,0,1,2,1,1,0,2,2,1,0,1,1,1,0,0,2,2,2,3.6,0.206,33.95,86.9,27.19,0,1053.7,23.4,Alluvial,Uttar Pradesh
IND0050,BPT 3291,India,Indica,0,2,1,2,0,2,0,0,2,1,2,2,2,1,1,2,1,0,2,2,2.37,0.194,39.37,94.0,37.71,0,864.8,22.6,Laterite,Uttarakhand
IND0051,Co 51,India,Hybrid,2,0,2,0,2,1,2,1,2,0,1,2,2,1,2,2,2,0,0,0,3.0,0.198,32.37,95.3,37.31,1,2030.5,20.6,Laterite,Assam
IND0052,Co 52,India,Japonica,0,0,0,0,1,2,1,2,1,2,0,1,2,2,2,0,2,0,0,1,0.85,0.304,38.13,94.2,35.78,0,1429.9,19.1,Alluvial,Himachal Pradesh
IND0053,DRRH 3,India,Aromatic,0,0,2,2,0,2,0,0,2,1,1,0,1,2,0,1,1,1,2,0,1.14,0.208,29.75,119.7,26.68,0,741.0,28.9,Alluvial,Haryana
IND0054,HKR 47,India,Aromatic,2,0,1,0,1,2,1,0,1,0,0,1,0,0,0,1,2,1,1,2,0.78,0.212,36.17,90.3,28.76,0,2274.7,25.2,Laterite,Kerala
IND0055,JGL 1798,India,Hybrid,1,0,0,1,0,1,1,1,0,0,1,2,0,0,1,1,0,0,0,0,2.62,0.15,23.35,124.8,30.09,0,1268.1,23.3,Clay,Madhya Pradesh
IND0056,KPH 457,India,Improved,0,2,0,0,1,1,0,2,0,1,2,1,1,2,2,1,0,0,1,2,3.52,0.197,34.48,88.3,32.17,0,1490.2,21.5,Black,Andhra Pradesh
IND0057,NLR 34449,India,Improved,1,0,1,2,2,1,1,0,2,2,0,1,2,2,0,0,1,0,0,0,1.78,0.336,41.83,87.8,31.73,0,1327.9,24.0,Mountain,Jharkhand
IND0058,PR 113,India,Hybrid,2,2,2,0,1,0,2,0,2,2,0,2,1,2,2,0,0,1,1,0,0.91,0.246,39.03,90.4,24.6,1,1390.0,28.3,Alluvial,Bihar
IND0059,Pusa 44,India,Japonica,0,2,0,2,1,0,0,1,2,2,0,2,0,0,1,1,2,2,1,2,1.86,0.215,33.82,93.1,34.71,0,888.2,26.4,Black,Madhya Pradesh
IND0060,Pusa 1121,India,Hybrid,0,1,1,1,0,1,0,1,1,2,2,0,0,1,1,2,2,2,0,2,2.87,0.249,27.65,104.4,27.21,0,1227.0,22.8,Alluvial,West Bengal
IND0061,Pusa 1509,India,Japonica,0,0,0,0,2,1,0,1,2,2,0,1,2,0,1,2,0,2,0,1,3.12,0.271,30.33,90.0,36.75,0,2796.0,25.8,Mountain,Assam
IND0062,Rajendra,India,Indica,2,2,1,1,0,2,0,1,2,0,1,0,1,2,2,1,1,1,2,2,2.3,0.172,35.2,106.2,32.6,0,872.2,28.6,Black,Madhya Pradesh
IND0063,Samba Mahsuri,India,Japonica,2,2,1,0,0,1,0,2,2,1,0,2,0,2,0,0,2,0,1,1,2.06,0.245,37.96,79.6,29.87,1,1380.4,22.2,Black,Himachal Pradesh
IND0064,Satya,India,Hybrid,0,2,1,1,1,0,1,1,2,2,0,0,2,2,1,1,2,2,2,2,3.94,0.202,43.67,113.0,27.28,0,516.6,28.1,Mountain,Rajasthan
IND0065,Shaktiman,India,Hybrid,1,1,1,1,0,2,0,2,1,0,1,2,0,2,1,2,1,1,1,2,1.85,0.217,36.05,113.5,29.7,1,1300.2,22.5,Red,Jharkhand
IND0066,Tellahamsa,India,Japonica,0,1,0,1,0,0,0,0,1,2,0,0,2,0,1,1,0,2,0,2,0.83,0.28,38.08,97.7,29.18,0,1095.4,28.4,Red,Karnataka
IND0067,Vandana,India,Hybrid,0,2,2,1,2,1,2,0,1,2,0,1,2,1,0,1,1,0,2,0,0.9,0.301,34.75,119.9,31.62,0,1205.1,26.8,Black,Maharashtra
IND0068,VL Dhan 85,India,Indica,1,1,2,0,1,1,1,2,1,2,0,2,1,2,0,1,1,1,2,2,1.84,0.226,38.47,83.4,27.53,1,397.4,29.5,Black,Gujarat
IND0069,VL Dhan 86,India,Traditional,1,0,0,1,0,1,0,1,1,2,0,2,2,2,1,2,0,2,0,0,1.27,0.347,35.28,99.7,26.73,0,917.6,23.1,Clay,Uttarakhand
IND0070,VL Dhan 87,India,Traditional,2,0,0,0,0,2,0,1,0,2,1,0,1,2,1,0,0,2,1,0,3.85,0.159,34.29,93.7,32.55,0,1151.0,23.3,Sandy Loam,Bihar
IND0071,Zinco Rice 1,India,Hybrid,1,2,0,0,0,2,0,2,2,2,0,1,0,2,0,1,0,0,0,2,1.18,0.262,35.88,113.7,32.68,0,1024.4,24.7,Black,Bihar
IND0072,Naveen,India,Improved,2,2,0,1,1,2,0,1,1,0,0,2,2,1,2,2,1,0,1,0,3.65,0.223,30.58,76.3,32.1,1,1446.1,23.0,Clay,Madhya Pradesh
IND0073,Rasi,India,Traditional,0,2,1,0,1,0,2,1,0,0,2,2,0,1,0,2,1,1,1,2,2.09,0.307,25.58,104.0,22.68,0,1299.2,16.4,Alluvial,Uttarakhand
IND0074,MTU 1001,India,Aromatic,0,0,1,0,2,2,1,2,2,1,0,0,1,2,0,1,2,2,2,1,3.88,0.152,34.05,107.3,26.52,0,2811.6,29.0,Alluvial,West Bengal
IND0075,MTU 7029,India,Japonica,2,2,1,2,2,2,2,0,1,2,1,2,2,0,1,0,0,0,2,0,1.87,0.28,40.06,96.4,31.54,1,1051.8,22.8,Alluvial,Uttar Pradesh
IND0076,MTU 1010,India,Hybrid,0,1,1,1,2,2,0,2,2,1,2,1,0,0,1,1,0,2,1,0,2.05,0.169,35.98,88.7,25.82,1,997.2,31.9,Black,Maharashtra
IND0077,DRR Dhan 48,India,Improved,0,1,1,0,2,0,2,0,1,2,1,1,2,2,1,0,0,0,1,2,2.51,0.159,42.43,89.5,31.52,0,1329.9,20.3,Alluvial,Assam
IND0078,DRR Dhan 49,India,Indica,2,1,2,1,0,2,1,0,0,2,1,0,2,1,2,2,0,2,1,2,0.91,0.169,41.14,125.4,33.66,0,2237.7,23.8,Alluvial,West Bengal
IND0079,RDN 01-2,India,Traditional,0,1,0,0,1,0,1,0,1,2,1,1,0,2,1,2,0,0,1,0,3.93,0.215,42.24,88.5,24.39,0,1006.2,21.7,Laterite,Chhattisgarh
IND0080,RDN 01-3,India,Japonica,2,2,1,1,2,1,0,2,0,1,2,1,0,1,0,2,0,0,1,1,0.94,0.2,38.15,89.2,26.68,1,1151.1,30.7,Black,Maharashtra
IND0081,Krishna,India,Hybrid,2,1,0,1,0,1,2,0,1,2,2,2,0,0,2,2,0,1,1,0,2.9,0.309,37.87,111.8,27.98,0,941.8,21.4,Sandy Loam,Uttarakhand
IND0082,Ganga,India,Japonica,2,1,2,0,2,1,0,0,1,1,0,2,2,2,1,1,0,2,0,2,2.94,0.274,42.0,106.1,26.94,1,1315.1,22.3,Red,Karnataka
IND0083,Yamuna,India,Traditional,0,1,1,1,1,2,1,2,0,2,0,0,1,1,0,0,1,0,1,0,3.28,0.282,38.28,75.9,25.66,0,1024.8,17.3,Mountain,Himachal Pradesh
IND0084,Brahmaputra,India,Traditional,1,0,0,2,1,1,1,1,0,0,0,2,0,1,0,0,1,2,2,2,2.92,0.273,36.82,113.2,25.76,1,1308.6,29.0,Laterite,Tamil Nadu
IND0085,Godavari,India,Aromatic,0,1,1,2,2,2,0,2,1,2,1,2,1,0,0,0,0,2,1,2,0.75,0.248,35.04,74.4,32.58,1,531.2,23.4,Alluvial,Punjab
IND0086,Kaveri,India,Improved,1,0,1,2,0,1,0,2,0,1,0,0,2,2,1,0,2,1,2,2,1.1,0.211,32.54,107.6,28.11,0,1146.6,15.7,Loam,Himachal Pradesh
IND0087,Narmada,India,Hybrid,2,0,1,2,0,0,0,0,0,1,2,1,2,1,1,2,2,0,2,1,1.32,0.217,35.43,98.4,34.07,0,365.6,33.3,Black,Gujarat
IND0088,Tapti,India,Aromatic,1,1,0,1,2,2,2,2,0,1,0,1,1,1,0,0,0,1,2,0,3.78,0.286,31.77,100.2,26.42,1,300.3,22.0,Alluvial,Punjab
IND0089,Mahanadi,India,Traditional,1,2,2,2,2,2,0,0,2,1,2,0,1,2,1,0,2,1,2,2,1.04,0.339,42.71,91.6,33.83,0,1233.4,24.3,Clay,Odisha
IND0090,Sutlej,India,Improved,0,0,0,0,2,0,0,1,2,2,0,2,1,0,2,1,2,2,1,2,1.8,0.154,28.63,93.4,29.27,1,505.1,27.9,Clay,Rajasthan
IND0091,Chenab,India,Indica,1,2,2,2,0,0,1,0,0,0,1,0,0,0,2,0,2,2,2,0,3.84,0.183,24.63,125.7,28.3,0,1145.4,27.9,Red,Karnataka
IND0092,Ravi,India,Hybrid,2,0,2,0,0,0,2,1,0,1,0,0,1,2,2,1,2,1,2,1,2.95,0.251,37.68,91.9,24.27,0,489.8,28.3,Mountain,Rajasthan
IND0093,Beas,India,Japonica,2,1,0,0,1,2,2,0,2,2,0,1,2,2,0,2,0,2,2,2,2.42,0.247,43.81,89.0,35.22,0,1193.9,17.2,Laterite,Himachal Pradesh
IND0094,Jhelum,India,Hybrid,1,1,1,1,0,2,2,1,1,1,0,2,1,0,1,2,1,1,1,1,1.86,0.28,37.66,104.9,31.79,0,2668.8,29.7,Sandy Loam,Assam
IND0095,Indus,India,Traditional,1,2,0,0,0,2,0,0,2,1,0,0,2,1,1,2,2,2,2,2,1.78,0.335,43.9,85.5,34.62,0,1182.4,20.2,Sandy Loam,Uttarakhand
IND0096,Aravalli,India,Japonica,0,0,2,2,0,2,2,1,1,2,1,2,2,1,2,2,0,0,0,2,3.96,0.188,38.74,98.0,38.71,0,1462.6,22.2,Red,Uttarakhand
IND0097,Vindhya,India,Japonica,1,2,1,0,1,2,1,1,2,0,2,0,2,2,2,1,2,2,2,2,1.08,0.275,40.12,97.6,30.71,0,1194.4,28.1,Black,Jharkhand
IND0098,Satpura,India,Aromatic,1,0,2,1,0,1,2,1,2,1,2,1,0,2,0,2,1,2,0,2,1.17,0.167,38.03,105.4,37.06,0,827.4,24.8,Clay,Uttarakhand
IND0099,Western Ghats,India,Improved,0,0,0,1,0,1,0,2,2,2,1,2,0,1,2,2,0,1,0,0,1.88,0.17,31.56,115.9,35.94,0,906.8,28.1,Clay,Jharkhand
IND0100,Eastern Ghats,India,Japonica,1,1,1,1,1,2,1,0,2,0,1,1,0,2,0,1,0,1,2,0,1.44,0.164,35.8,84.9,35.31,0,1041.8,25.0,Laterite,Jharkhand
IND0101,Deccan,India,Improved,0,2,1,1,1,2,2,0,2,2,1,0,0,2,0,1,0,1,0,1,2.44,0.235,42.43,112.3,34.6,0,1056.7,20.8,Alluvial,Uttar Pradesh
IND0102,Malabar,India,Hybrid,2,2,2,1,1,1,1,0,1,0,2,2,0,2,1,0,0,1,1,1,0.89,0.2,37.26,99.3,23.12,1,1005.4,28.7,Black,Chhattisgarh
IND0103,Coromandel,India,Improved,2,2,0,0,1,0,0,2,1,2,0,2,0,1,2,2,2,1,2,2,1.08,0.167,33.15,77.1,24.01,1,814.4,28.0,Laterite,Karnataka
IND0104,Konkan,India,Japonica,1,1,0,2,1,2,0,2,2,2,2,1,2,2,2,1,0,2,1,2,3.05,0.346,36.16,88.6,38.18,1,1451.6,26.2,Clay,Bihar
IND0105,Doab,India,Japonica,2,1,0,2,0,2,1,2,2,2,2,1,1,0,0,2,0,2,1,0,0.74,0.294,31.95,119.6,28.85,1,1043.1,23.0,Laterite,Jharkhand
IND0106,Pusa 2566 Select,India,Improved,1,1,0,2,2,1,0,1,2,0,2,0,1,2,2,2,0,1,1,2,1.49,0.321,33.91,117.8,34.5,0,2704.6,22.8,Sandy Loam,Assam
IND0107,NLR 4748 Select,India,Traditional,2,0,1,1,0,1,0,1,2,2,0,0,1,1,0,1,0,0,0,2,1.92,0.31,32.34,91.9,32.03,0,653.6,33.7,Clay,Gujarat
IND0108,BPT 1493 Elite,India,Aromatic,0,2,0,0,2,0,0,0,1,1,2,0,1,2,1,1,1,0,0,2,3.59,0.236,31.85,104.1,24.23,0,935.0,23.2,Red,Karnataka
IND0109,Rajendra 3258 Plus,India,Aromatic,1,1,0,1,0,2,0,0,1,1,2,0,2,2,0,1,0,0,0,0,2.3,0.189,30.03,101.8,27.37,0,951.9,29.1,Alluvial,Uttar Pradesh
IND0110,VL 8292 Gold,India,Aromatic,1,2,0,2,0,2,1,0,0,2,2,2,1,2,1,0,1,2,1,0,1.4,0.259,46.05,106.1,30.1,0,607.0,23.9,Alluvial,Punjab
IND0111,Pusa 6850,India,Indica,2,0,0,1,0,0,1,1,2,0,0,1,2,2,2,0,1,1,1,0,1.78,0.326,27.44,112.8,28.88,0,1000.9,24.6,Red,Bihar
IND0112,VL 3371 Gold,India,Traditional,2,0,0,1,2,1,2,0,0,1,2,1,1,2,0,2,2,0,0,1,2.17,0.188,35.16,119.6,31.32,1,2729.4,29.7,Alluvial,West Bengal
IND0113,MTU 1871 Super,India,Hybrid,1,1,0,0,1,2,1,1,0,1,0,0,2,0,1,1,2,0,0,1,3.94,0.18,35.45,78.6,29.8,0,1266.9,23.1,Alluvial,Uttar Pradesh
IND0114,BPT 1009 Super,India,Traditional,1,2,1,1,2,2,0,2,0,2,0,1,2,2,0,0,0,1,0,2,0.58,0.18,39.2,104.0,30.13,1,1296.5,27.6,Red,Tamil Nadu
IND0115,DRR 2136 Plus,India,Indica,2,1,0,2,0,0,1,2,1,2,1,1,0,1,2,0,1,1,2,0,3.53,0.2,27.03,127.4,31.41,1,494.2,21.0,Alluvial,Haryana
IND0116,MTU 9556 Premium,India,Traditional,0,2,0,0,0,1,0,1,0,2,1,1,2,0,0,1,1,1,0,1,3.44,0.344,28.75,104.5,27.16,0,1547.8,26.5,Mountain,Assam
IND0117,MTU 7945 Premium,India,Indica,0,0,2,0,1,2,1,0,1,0,0,2,2,2,2,0,0,0,1,1,0.55,0.323,26.35,128.4,27.02,0,916.7,15.7,Clay,Uttarakhand
IND0118,VL 8076 Super,India,Traditional,1,2,1,2,2,1,0,2,0,0,0,1,0,2,2,1,0,1,2,1,0.76,0.246,38.5,84.1,33.93,1,1374.6,20.5,Black,Andhra Pradesh
IND0119,DRR 4654 Premium,India,Traditional,1,2,0,2,2,2,0,1,1,0,0,2,2,1,0,2,0,2,1,1,1.85,0.241,33.45,72.3,39.68,1,367.2,20.8,Alluvial,Punjab
IND0120,Co 4456 Elite,India,Traditional,1,1,2,0,1,2,2,1,2,1,2,1,2,0,1,2,1,1,0,0,0.92,0.216,37.38,92.9,36.28,0,1450.9,24.5,Alluvial,Bihar
IND0121,Co 3104 Elite,India,Aromatic,1,0,1,0,2,0,0,1,1,2,0,1,1,2,0,1,1,1,1,1,0.54,0.236,30.66,85.7,26.24,1,1331.7,20.0,Red,Tamil Nadu
IND0122,VL 3258 Select,India,Indica,0,2,1,0,1,2,0,1,2,2,0,0,2,1,2,1,0,1,1,1,1.5,0.184,33.07,112.1,33.57,0,387.7,27.7,Alluvial,Haryana
IND0123,MTU 1678 Super,India,Improved,0,2,0,0,2,2,0,1,2,1,0,0,0,0,2,2,1,1,1,2,0.9,0.28,42.07,99.9,35.45,0,1236.6,25.0,Laterite,Bihar
IND0124,BPT 6785 Elite,India,Japonica,1,2,1,0,1,2,1,2,0,0,0,1,2,0,2,0,0,1,0,0,2.97,0.17,28.06,86.0,25.07,1,2696.8,25.9,Laterite,Assam
IND0125,MTU 4573 Super,India,Japonica,2,2,1,2,1,1,1,0,2,2,0,1,2,2,1,0,0,0,1,2,2.63,0.18,39.9,116.8,27.1,0,608.6,23.0,Alluvial,Haryana
IND0126,NLR 1011 Premium,India,Indica,2,0,2,0,0,2,2,1,2,2,1,1,2,2,2,1,2,1,2,0,3.52,0.152,31.15,106.7,34.81,0,952.9,26.8,Black,Maharashtra
IND0127,Co 3863 Gold,India,Indica,2,2,0,0,2,1,0,2,2,0,1,0,2,1,0,0,2,1,1,1,3.13,0.171,31.17,101.3,34.07,1,1139.5,25.0,Red,Tamil Nadu
IND0128,VL 9929 Premium,India,Aromatic,2,1,2,1,2,1,1,2,1,2,2,1,2,2,1,2,1,2,2,2,2.72,0.195,31.63,120.6,27.34,1,1231.3,23.3,Black,Uttarakhand
IND0129,VL 4376 Elite,India,Aromatic,0,0,1,2,0,1,2,2,0,2,1,0,1,0,1,2,2,2,0,0,2.12,0.246,25.04,99.3,37.16,0,1213.0,25.6,Red,Tamil Nadu
IND0130,Rajendra 3623 Gold,India,Hybrid,1,1,2,2,2,2,0,0,2,2,1,2,1,2,0,1,0,0,1,2,1.58,0.211,33.1,89.7,37.48,1,1410.8,26.0,Red,Tamil Nadu
IND0131,MTU 9419,India,Aromatic,1,1,2,0,0,1,0,0,0,2,0,2,1,2,0,2,0,1,2,1,1.41,0.225,38.08,123.7,35.13,0,1277.4,20.0,Mountain,Uttarakhand
IND0132,MTU 678,India,Indica,0,2,1,1,2,1,2,1,0,2,1,2,1,0,1,2,2,0,1,1,3.89,0.313,33.44,93.4,24.19,1,811.6,26.5,Red,Tamil Nadu
IND0133,Rajendra 3848 Gold,India,Improved,0,1,1,2,0,2,2,0,2,2,0,0,2,0,2,2,0,2,0,2,3.11,0.267,36.73,121.7,32.16,0,333.4,27.6,Alluvial,Haryana
IND0134,MTU 7404 Plus,India,Japonica,0,1,0,2,2,1,0,2,0,2,1,2,2,1,1,1,1,0,2,1,3.33,0.165,38.76,82.1,33.87,1,748.5,23.2,Alluvial,Haryana
IND0135,DRR 9174 Select,India,Aromatic,1,2,1,2,2,1,0,0,1,2,1,0,2,2,2,0,2,1,2,0,1.75,0.294,44.62,78.1,37.76,0,614.3,32.2,Mountain,Rajasthan
IND0136,NLR 5816 Premium,India,Hybrid,1,1,2,0,0,2,2,1,1,1,0,1,2,1,0,0,1,0,0,0,2.74,0.191,29.75,80.3,29.6,0,711.2,26.8,Alluvial,Haryana
IND0137,Rajendra 7622,India,Aromatic,0,1,0,0,0,2,1,0,2,1,1,2,2,1,0,1,1,0,0,2,2.66,0.18,33.03,74.4,33.8,0,1173.6,21.5,Alluvial,Uttar Pradesh
IND0138,Co 424 Premium,India,Japonica,2,1,0,2,1,1,1,2,2,2,0,2,0,2,0,1,1,2,0,0,1.9,0.263,31.4,87.7,25.64,1,1095.5,34.8,Clay,Maharashtra
IND0139,NLR 1220 Super,India,Traditional,1,2,2,1,0,2,2,1,1,0,1,1,1,1,0,1,0,2,0,1,1.28,0.291,32.55,129.8,26.68,0,986.8,28.7,Red,Andhra Pradesh
IND0140,MTU 4348 Plus,India,Aromatic,2,1,1,2,1,2,1,2,2,2,0,2,0,2,1,2,2,2,0,1,3.82,0.191,39.87,84.6,29.36,1,655.6,22.8,Alluvial,Punjab
IND0141,Pusa 9831 Super,India,Improved,0,1,1,1,1,0,2,1,2,1,1,2,1,0,0,1,0,2,0,0,0.88,0.299,31.44,79.4,25.62,0,1008.1,27.6,Loam,Telangana
IND0142,DRR 5702 Select,India,Indica,2,0,2,1,1,0,2,2,2,2,0,0,0,2,1,1,0,1,2,0,1.97,0.209,27.26,86.8,32.04,1,932.5,15.2,Sandy Loam,Uttarakhand
IND0143,Pusa 8404 Select,India,Japonica,0,1,0,2,2,1,1,0,1,2,0,2,1,1,2,0,1,0,2,0,3.25,0.306,35.39,105.8,24.39,0,1714.4,20.9,Alluvial,Odisha
IND0144,Pusa 1448 Gold,India,Improved,2,1,0,0,1,1,0,1,0,1,2,0,1,0,2,0,1,1,0,0,1.25,0.309,36.86,116.6,29.2,0,1173.4,28.0,Sandy Loam,Jharkhand
IND0145,Co 8172 Elite,India,Japonica,1,0,1,1,0,1,0,0,2,1,1,0,1,2,0,1,1,2,0,0,2.98,0.321,29.35,87.9,25.84,0,1155.3,28.3,Clay,Maharashtra
IND0146,Co 5719 Super,India,Indica,1,0,2,1,0,0,0,2,2,2,0,1,2,2,1,1,2,1,1,0,3.03,0.23,29.06,121.0,33.32,0,1138.3,16.9,Clay,Himachal Pradesh
IND0147,DRR 5278,India,Indica,2,0,0,2,2,2,2,1,2,1,0,2,2,0,1,0,1,2,1,0,1.7,0.271,26.14,119.9,30.43,1,1397.7,25.7,Laterite,Telangana
IND0148,DRR 3708 Select,India,Hybrid,2,0,1,0,0,2,0,2,0,0,0,2,2,1,2,1,2,0,1,2,2.02,0.151,36.82,113.5,33.74,1,826.5,21.1,Sandy Loam,Chhattisgarh
IND0149,Co 1904 Plus,India,Traditional,2,2,0,0,1,2,0,2,1,1,2,1,2,2,0,1,2,0,1,2,1.54,0.242,33.72,104.5,26.59,1,1949.8,20.3,Mountain,Assam
IND0150,DRR 5636 Plus,India,Japonica,2,2,1,2,2,1,2,1,2,2,0,2,2,2,2,1,0,1,1,2,2.18,0.168,35.78,104.1,27.18,1,677.6,32.3,Black,Gujarat
IND0151,Rajendra 9320 Premium,India,Indica,0,0,0,1,1,0,0,1,0,2,0,0,2,2,0,0,2,1,2,0,2.92,0.313,37.18,80.8,30.24,0,2019.7,21.0,Clay,Odisha
IND0152,Co 998,India,Aromatic,1,1,2,2,2,1,0,0,0,1,0,2,2,0,1,0,2,0,1,2,2.57,0.328,34.9,76.6,25.32,1,1494.7,20.9,Mountain,Jharkhand
IND0153,DRR 6235 Elite,India,Japonica,0,1,0,0,1,0,1,1,1,2,0,0,2,2,0,0,2,2,1,1,1.51,0.221,42.38,75.2,30.79,0,1115.7,24.4,Red,Karnataka
IND0154,NLR 2258 Elite,India,Improved,0,1,0,2,1,0,1,2,0,1,1,0,0,0,0,0,1,1,0,2,2.5,0.168,36.23,108.0,34.56,0,1400.7,23.2,Alluvial,Uttar Pradesh
IND0155,MTU 1183 Super,India,Traditional,2,2,1,1,1,2,1,2,2,2,0,2,1,0,2,0,0,1,2,2,3.16,0.182,39.13,125.3,29.6,1,996.7,20.9,Mountain,Himachal Pradesh
IND0156,NLR 3719 Premium,India,Traditional,1,2,1,2,1,1,0,2,2,1,1,2,0,0,0,1,0,2,2,1,2.39,0.165,31.07,91.4,26.04,1,1370.3,20.5,Alluvial,Andhra Pradesh
IND0157,Pusa 8262 Select,India,Traditional,1,2,2,0,0,2,0,2,0,1,0,0,2,2,1,1,1,0,1,1,2.84,0.318,42.53,102.8,26.1,0,1198.6,15.7,Clay,Himachal Pradesh
IND0158,Co 8775,India,Aromatic,2,1,0,1,1,2,1,1,2,0,0,0,1,2,0,1,0,2,0,2,3.33,0.29,41.83,102.8,35.83,0,874.2,25.5,Loam,Andhra Pradesh
IND0159,MTU 4747 Super,India,Traditional,2,0,0,2,2,2,2,1,1,2,1,1,1,0,0,1,0,2,2,2,2.44,0.22,33.58,90.0,26.74,1,887.5,25.6,Alluvial,Uttar Pradesh
IND0160,Pusa 2872,India,Indica,0,1,1,2,0,1,1,0,1,1,2,0,1,1,2,2,0,1,1,2,0.65,0.342,37.19,97.7,38.05,0,1040.0,27.1,Mountain,Bihar
IND0161,DRR 1015 Premium,India,Traditional,2,0,0,1,1,1,0,2,2,1,0,0,0,2,1,0,2,2,2,2,1.1,0.301,38.42,89.0,34.07,1,1361.4,24.9,Sandy Loam,Himachal Pradesh
IND0162,MTU 1247 Gold,India,Japonica,2,2,1,0,1,2,0,2,1,1,2,1,2,0,2,2,0,0,1,1,2.91,0.278,37.29,84.6,34.51,1,611.4,27.8,Alluvial,Rajasthan
IND0163,Pusa 947 Plus,India,Improved,1,0,2,0,0,0,1,0,1,0,0,1,2,1,0,0,0,2,0,1,2.94,0.311,31.53,94.2,34.79,0,988.5,23.6,Laterite,Karnataka
IND0164,Pusa 3820 Gold,India,Hybrid,0,1,0,0,1,1,2,2,0,1,0,0,0,2,2,0,2,1,1,2,0.93,0.186,33.88,121.7,25.09,0,1027.6,22.8,Black,Chhattisgarh
IND0165,DRR 1964 Super,India,Traditional,2,2,0,2,1,2,0,0,0,2,0,2,0,1,2,0,0,2,0,2,1.83,0.306,38.16,123.8,24.86,1,1188.4,26.8,Laterite,Karnataka
IND0166,MTU 9877 Elite,India,Indica,2,1,1,2,2,2,0,2,1,2,1,0,2,0,0,2,1,0,2,1,3.25,0.19,30.99,120.9,32.24,1,2407.3,23.1,Laterite,Kerala
IND0167,Co 1974,India,Hybrid,1,1,2,1,2,0,0,0,2,1,1,1,0,1,2,2,2,2,1,0,2.4,0.341,37.56,92.7,25.26,0,622.6,28.8,Laterite,Rajasthan
IND0168,BPT 1623 Elite,India,Indica,2,1,0,1,2,0,1,0,0,2,0,0,2,2,0,1,1,1,1,0,1.97,0.162,39.64,105.4,34.97,0,1312.1,28.4,Red,Kerala
IND0169,MTU 3687 Elite,India,Improved,1,1,2,0,2,2,2,1,1,1,2,2,1,2,2,1,0,1,2,1,2.6,0.317,31.57,92.8,35.2,1,695.1,28.8,Clay,Gujarat
IND0170,MTU 7416,India,Improved,1,0,2,1,0,2,0,2,2,1,2,0,0,2,0,0,1,0,1,0,2.85,0.179,28.17,94.8,30.17,0,1101.1,28.5,Laterite,Karnataka
IND0171,NLR 675 Elite,India,Hybrid,2,0,0,1,0,1,2,1,2,1,2,2,1,2,2,1,0,0,1,0,3.44,0.205,39.87,97.2,35.48,1,651.7,23.7,Alluvial,Punjab
IND0172,Co 6632 Select,India,Traditional,1,0,0,1,0,2,2,2,1,2,0,2,1,2,1,1,2,2,0,1,2.49,0.184,42.9,100.6,25.55,1,1495.0,25.0,Sandy Loam,Chhattisgarh
IND0173,Pusa 5178,India,Hybrid,0,0,0,2,2,0,0,1,1,2,0,1,0,2,1,2,1,0,2,1,2.07,0.166,39.24,116.2,25.04,0,1469.3,19.9,Alluvial,Uttarakhand
IND0174,NLR 7395 Premium,India,Japonica,0,0,2,1,2,2,1,2,0,0,1,1,0,1,0,2,1,0,0,0,3.7,0.189,31.76,120.3,30.61,1,856.0,23.3,Alluvial,Uttar Pradesh
IND0175,BPT 8704 Gold,India,Traditional,2,1,0,1,1,2,2,0,2,1,0,1,2,1,0,1,1,2,0,0,1.46,0.224,32.36,113.8,31.22,0,959.0,23.9,Black,Telangana
IND0176,DRR 4019 Plus,India,Indica,2,1,2,2,2,2,1,0,0,1,0,1,1,2,2,1,1,0,2,1,3.57,0.298,35.91,92.1,24.14,1,1291.8,22.9,Clay,Jharkhand
IND0177,VL 3693 Premium,India,Aromatic,2,2,0,0,2,2,2,1,0,0,1,1,0,2,2,1,0,1,2,0,2.7,0.15,30.41,101.2,22.24,1,826.2,29.9,Loam,Jharkhand
IND0178,Rajendra 9973 Gold,India,Improved,1,2,0,1,2,1,0,1,1,0,1,1,1,2,2,2,2,0,0,0,0.78,0.211,36.62,90.6,30.27,1,1365.2,26.3,Alluvial,West Bengal
IND0179,DRR 6993 Elite,India,Aromatic,0,0,0,0,0,0,2,0,0,2,1,2,2,1,0,1,0,2,2,1,1.0,0.271,35.75,115.8,29.12,0,1322.4,25.4,Clay,Telangana
IND0180,Co 5180 Select,India,Improved,1,1,0,2,0,1,0,1,0,2,0,2,1,1,1,2,2,1,2,2,1.44,0.151,27.77,84.7,35.01,0,688.5,29.0,Alluvial,Haryana
IND0181,BPT 4539 Select,India,Traditional,1,0,2,2,2,2,1,0,0,1,2,1,2,1,0,0,2,1,1,1,3.68,0.343,40.63,129.1,30.83,0,1110.6,21.0,Sandy Loam,Andhra Pradesh
IND0182,NLR 3267 Plus,India,Japonica,0,2,0,1,1,1,2,0,0,0,1,1,2,1,1,0,0,1,0,0,0.72,0.152,31.28,125.8,29.0,0,1055.2,22.7,Mountain,Jharkhand
IND0183,VL 8417 Elite,India,Aromatic,1,2,2,0,0,0,0,1,2,1,0,1,0,2,2,2,1,1,0,1,2.08,0.286,40.02,115.3,31.83,0,1313.2,22.9,Loam,Uttarakhand
IND0184,DRR 2881 Gold,India,Aromatic,1,1,0,0,1,0,1,0,0,2,2,1,2,0,0,0,2,2,2,0,3.85,0.268,25.49,103.8,24.05,0,2534.9,22.9,Loam,Assam
IND0185,NLR 842 Gold,India,Indica,1,2,1,2,1,2,0,2,0,2,1,1,0,2,0,1,2,1,0,0,0.95,0.166,40.32,94.7,33.17,1,1264.5,27.0,Clay,Andhra Pradesh
IND0186,NLR 7819 Select,India,Traditional,2,0,2,2,0,2,2,2,2,2,1,2,2,0,1,2,2,1,2,1,2.75,0.345,40.52,113.9,39.28,1,1231.8,18.9,Laterite,Uttarakhand
IND0187,DRR 5304 Gold,India,Indica,1,1,0,2,2,2,2,2,2,0,0,1,0,0,1,0,1,0,1,2,3.1,0.29,27.62,114.7,30.8,1,1465.4,29.1,Laterite,Andhra Pradesh
IND0188,Rajendra 352 Select,India,Aromatic,0,1,2,0,2,0,0,1,0,2,2,1,2,0,1,2,2,0,2,2,3.18,0.221,25.47,128.2,25.09,0,1334.8,25.1,Laterite,Karnataka
IND0189,DRR 6023 Elite,India,Improved,1,0,0,2,2,2,1,2,0,1,0,2,2,1,2,2,0,2,2,1,3.61,0.196,26.84,121.9,27.9,1,1204.3,28.6,Black,Maharashtra
IND0190,Rajendra 801 Super,India,Traditional,2,1,1,2,1,1,0,2,0,2,0,1,1,1,2,1,1,0,0,2,3.09,0.312,41.56,84.8,29.89,1,1887.0,21.5,Sandy Loam,Assam
IND0191,NLR 2876 Elite,India,Indica,0,2,2,2,1,0,1,2,1,2,0,0,1,0,0,1,1,2,2,0,1.48,0.182,40.14,123.1,34.56,0,741.2,27.2,Laterite,Rajasthan
IND0192,VL 3384 Gold,India,Improved,0,0,0,0,1,2,2,1,1,2,2,2,2,0,0,2,0,0,0,0,0.84,0.186,26.63,115.5,29.63,0,1463.8,20.8,Laterite,Himachal Pradesh
IND0193,BPT 5360 Select,India,Traditional,2,2,0,2,0,2,2,2,0,2,1,1,0,1,1,1,2,1,0,2,2.86,0.206,39.39,83.6,29.66,1,822.0,16.5,Alluvial,Himachal Pradesh
IND0194,NLR 7522 Plus,India,Improved,0,0,1,0,2,2,2,2,2,2,0,0,1,2,0,2,2,2,1,0,1.74,0.286,35.34,88.1,35.27,0,2576.5,29.3,Mountain,Odisha
IND0195,NLR 9761 Select,India,Hybrid,0,2,1,2,2,0,1,2,1,1,0,2,0,2,1,1,0,1,1,1,1.89,0.231,36.06,110.1,32.2,1,1120.9,17.7,Mountain,Uttarakhand
IND0196,Co 4396 Premium,India,Improved,1,1,1,1,1,1,2,1,0,2,2,0,1,0,2,0,2,2,2,0,3.71,0.211,37.75,88.5,31.75,0,1018.8,25.3,Laterite,Tamil Nadu
IND0197,DRR 4356,India,Traditional,2,2,0,2,0,2,0,1,1,1,2,2,2,2,0,2,0,0,1,0,0.84,0.184,45.16,87.8,34.49,1,1850.5,27.7,Mountain,Assam
IND0198,NLR 7518 Super,India,Traditional,0,0,0,1,2,1,2,1,2,1,0,2,2,2,2,2,1,2,0,2,2.58,0.261,31.65,86.6,29.29,1,963.5,23.7,Sandy Loam,Jharkhand
IND0199,DRR 7452 Elite,India,Traditional,1,2,1,0,2,0,2,2,2,2,2,0,0,1,1,1,2,0,2,1,3.38,0.181,32.66,127.3,29.12,1,2886.0,23.2,Alluvial,West Bengal
IND0200,Rajendra 7938 Select,India,Hybrid,2,0,2,0,1,2,2,0,2,1,2,2,2,0,1,1,1,0,0,2,3.29,0.271,29.25,123.5,33.25,1,761.5,20.5,Alluvial,Haryana
IND0201,DRR 70 Super,India,Aromatic,1,2,1,2,1,0,1,0,1,0,1,0,2,2,2,0,1,0,2,0,2.27,0.287,35.61,117.1,34.75,0,621.3,32.4,Clay,Gujarat
IND0202,BPT 2407,India,Improved,1,2,1,1,0,2,0,2,1,1,0,1,2,0,1,1,2,1,0,0,2.76,0.249,32.54,87.1,28.44,0,1240.2,22.0,Clay,Madhya Pradesh
IND0203,BPT 1494 Select,India,Aromatic,2,0,2,1,1,0,0,2,2,2,0,2,2,1,2,1,2,2,0,0,2.71,0.323,36.15,83.6,29.55,1,744.0,32.8,Black,Gujarat
IND0204,Pusa 4821 Super,India,Hybrid,1,0,1,0,2,2,2,1,0,1,2,0,2,2,0,0,2,0,2,2,2.4,0.272,36.64,128.0,34.35,0,368.2,29.6,Alluvial,Haryana
IND0205,BPT 5272 Plus,India,Improved,1,0,1,2,2,1,1,0,1,1,1,2,1,1,1,2,2,1,0,2,3.45,0.224,27.78,79.2,35.29,1,1105.4,23.3,Alluvial,Uttar Pradesh
IND0206,Co 6589 Plus,India,Traditional,1,2,0,2,1,1,2,2,0,2,0,0,2,2,0,0,2,0,1,2,3.12,0.212,45.04,96.0,29.85,0,1341.2,20.8,Alluvial,Uttar Pradesh
IND0207,NLR 2812 Premium,India,Aromatic,1,0,0,0,2,2,1,1,2,0,1,1,2,0,0,1,2,2,0,1,3.79,0.333,33.28,95.4,26.71,1,1072.5,24.1,Red,Himachal Pradesh
IND0208,Rajendra 8765 Super,India,Improved,1,1,1,0,2,0,0,2,2,2,2,0,2,2,1,2,1,0,0,2,0.67,0.304,29.55,123.7,26.76,1,1141.8,27.5,Clay,Madhya Pradesh
IND0209,VL 3877 Gold,India,Traditional,2,2,0,1,1,1,1,0,1,2,0,0,2,1,0,2,0,2,0,0,3.2,0.296,42.65,108.2,28.38,0,438.5,27.6,Alluvial,Haryana
IND0210,BPT 5392,India,Japonica,1,0,1,1,1,0,1,2,2,0,1,0,0,2,1,1,0,0,0,1,0.52,0.292,27.81,120.6,24.22,0,1116.4,20.5,Laterite,Chhattisgarh
IND0211,Co 2985 Elite,India,Hybrid,2,1,1,0,1,1,0,2,0,1,1,1,1,2,2,1,0,0,2,0,1.86,0.33,42.3,81.6,30.35,1,964.5,25.7,Red,Tamil Nadu
IND0212,NLR 3690 Premium,India,Hybrid,1,2,0,1,1,2,0,1,0,0,1,1,0,2,2,2,0,2,1,2,2.36,0.332,37.55,124.9,25.96,0,1204.2,23.0,Red,Tamil Nadu
IND0213,NLR 6915 Elite,India,Indica,1,1,2,1,0,1,0,0,1,0,2,2,1,1,1,0,0,2,2,1,2.18,0.288,33.78,108.3,34.7,0,1009.8,20.5,Laterite,Karnataka
IND0214,Rajendra 6291 Gold,India,Indica,0,1,0,0,1,1,1,1,1,2,0,1,0,1,1,2,0,2,1,2,0.63,0.293,42.39,107.4,32.63,0,1489.7,21.6,Loam,Bihar
IND0215,DRR 6937 Elite,India,Indica,0,1,0,0,0,0,1,0,2,0,1,0,2,1,0,2,2,2,2,1,3.84,0.259,33.66,118.1,37.88,0,856.4,23.6,Loam,Chhattisgarh
IND0216,NLR 9094 Super,India,Indica,2,2,2,1,0,2,1,0,0,2,0,1,2,1,0,1,0,2,0,1,2.51,0.208,36.91,81.4,36.32,0,595.8,25.1,Alluvial,Haryana
IND0217,DRR 8907,India,Traditional,2,1,1,2,0,2,1,1,1,2,2,1,1,2,1,0,1,1,1,0,3.93,0.281,40.74,126.9,30.02,0,334.9,32.3,Clay,Gujarat
IND0218,Rajendra 3537 Super,India,Indica,0,1,2,1,2,2,0,0,2,2,0,2,2,0,1,1,2,1,0,2,3.6,0.297,40.11,86.5,38.18,0,1148.6,21.1,Black,Bihar
IND0219,Rajendra 1756 Super,India,Traditional,2,2,0,2,2,2,1,1,0,1,0,0,0,2,2,1,2,1,2,1,3.93,0.214,44.04,110.4,26.68,1,555.4,29.5,Mountain,Rajasthan
IND0220,DRR 9203 Premium,India,Aromatic,0,1,1,2,1,0,0,2,1,0,2,1,0,0,2,0,2,1,2,1,2.34,0.306,26.97,101.5,35.93,0,1468.6,21.1,Clay,Madhya Pradesh
IND0221,Pusa 5435 Elite,India,Hybrid,0,0,2,2,1,0,1,1,2,2,0,0,2,0,0,2,2,1,1,2,2.43,0.197,31.48,120.4,31.24,0,776.9,33.7,Black,Gujarat
IND0222,Co 7498 Super,India,Japonica,0,2,1,2,2,1,0,1,2,1,0,0,1,1,1,2,0,2,2,2,0.52,0.314,40.69,85.6,29.71,0,1293.0,22.2,Red,Tamil Nadu
IND0223,BPT 8687 Gold,India,Hybrid,0,1,2,0,1,0,1,2,2,2,1,1,2,1,2,0,2,0,1,0,2.01,0.344,28.55,124.5,24.57,0,2404.3,21.8,Red,Kerala
IND0224,Rajendra 1474 Gold,India,Traditional,2,2,1,2,1,2,0,2,2,2,2,0,0,1,0,0,0,1,0,1,1.64,0.296,30.62,86.9,26.56,1,1446.4,25.5,Black,Madhya Pradesh
IND0225,Co 4976 Plus,India,Traditional,2,2,0,1,2,2,1,0,0,2,0,2,2,1,0,1,2,0,2,1,0.98,0.315,33.41,85.3,28.99,1,987.7,20.4,Alluvial,Himachal Pradesh
IND0226,BPT 8950 Premium,India,Hybrid,0,1,1,1,0,1,1,0,2,2,0,2,1,1,2,1,0,1,2,2,1.95,0.215,39.35,91.6,34.1,0,857.4,21.8,Clay,Madhya Pradesh
IND0227,Pusa 6783 Super,India,Improved,0,1,2,1,2,1,1,0,0,2,0,1,2,0,2,0,0,1,0,2,1.11,0.236,27.92,120.1,25.23,0,999.0,26.4,Loam,Andhra Pradesh
IND0228,NLR 6967,India,Hybrid,2,1,0,0,2,0,1,1,2,1,0,2,1,0,0,2,1,2,0,1,3.52,0.167,34.59,83.9,29.73,1,1376.2,25.6,Red,Kerala
IND0229,Co 9220 Super,India,Indica,0,0,0,0,2,2,2,0,1,0,0,0,1,2,0,2,1,1,1,0,2.91,0.178,35.06,87.7,26.01,0,2545.2,23.2,Alluvial,West Bengal
IND0230,MTU 8773 Premium,India,Improved,0,1,1,1,2,1,0,1,2,2,1,1,2,0,1,2,0,2,1,2,1.34,0.168,35.6,113.6,29.07,0,1358.8,29.2,Alluvial,Uttar Pradesh
IND0231,NLR 5293 Premium,India,Hybrid,0,1,1,0,0,1,2,2,1,0,0,1,1,2,1,1,2,0,2,1,2.12,0.169,34.39,102.3,31.94,0,1527.8,28.0,Loam,Odisha
IND0232,Pusa 1388 Select,India,Aromatic,2,1,1,0,2,1,2,0,2,2,2,0,0,0,2,2,2,0,1,0,1.06,0.335,39.13,115.6,25.66,0,1498.0,22.9,Clay,Bihar
IND0233,DRR 9204 Gold,India,Aromatic,1,0,2,1,0,2,0,2,1,1,1,0,0,0,2,0,1,1,0,2,0.95,0.308,31.51,125.4,31.86,0,2833.9,26.4,Clay,Assam
IND0234,NLR 3344 Super,India,Aromatic,2,0,0,0,1,0,2,2,2,2,0,1,2,1,0,0,0,1,0,0,3.18,0.311,25.2,75.8,35.79,1,1309.4,29.8,Laterite,Karnataka
IND0235,BPT 4940 Plus,India,Aromatic,0,1,0,0,1,2,1,2,2,0,1,2,2,1,0,0,0,0,1,2,3.91,0.185,28.22,118.7,27.29,1,906.0,27.7,Clay,Maharashtra
IND0236,MTU 9888 Elite,India,Japonica,1,2,1,2,0,2,0,0,0,1,0,1,2,2,0,1,2,2,0,1,2.24,0.22,37.58,84.3,28.25,0,1206.7,23.6,Loam,Himachal Pradesh
IND0237,VL 1622 Select,India,Indica,2,2,0,2,1,2,0,2,2,1,1,0,1,1,2,2,0,0,2,2,1.86,0.244,39.41,85.0,36.41,1,1074.8,22.4,Black,Madhya Pradesh
IND0238,Co 7973 Gold,India,Hybrid,1,0,1,1,2,2,1,1,0,1,2,1,0,1,0,2,1,1,2,1,0.51,0.319,37.71,80.5,24.37,1,1113.2,20.6,Red,Uttarakhand
IND0239,NLR 5480,India,Improved,2,2,0,0,1,2,0,2,2,1,1,1,2,2,2,2,1,0,2,1,2.06,0.306,31.98,87.4,29.91,1,2499.5,27.5,Laterite,Kerala
IND0240,VL 8567 Super,India,Japonica,0,1,0,1,1,2,0,0,2,1,1,2,1,1,1,2,0,2,2,0,2.44,0.187,38.98,115.8,36.35,0,1285.5,18.9,Sandy Loam,Uttarakhand
IND0241,DRR 8441,India,Aromatic,1,2,1,2,0,1,2,0,2,0,1,2,1,2,1,1,0,0,2,2,3.33,0.298,35.01,83.2,31.84,0,993.3,29.5,Alluvial,Uttar Pradesh
IND0242,Co 3686 Premium,India,Hybrid,1,1,0,2,1,2,1,2,2,2,1,2,0,0,2,0,2,1,1,2,1.08,0.27,29.82,79.3,30.39,1,1148.4,19.2,Red,Himachal Pradesh
IND0243,VL 4495 Super,India,Aromatic,1,2,2,2,0,2,2,2,2,0,0,0,2,0,1,1,1,2,1,2,0.5,0.318,29.46,84.8,35.34,0,1028.6,21.2,Clay,Bihar
IND0244,Co 4789 Plus,India,Improved,0,1,0,1,2,1,2,2,1,2,0,0,0,2,1,0,1,1,2,2,1.44,0.324,35.98,106.4,22.96,0,857.8,27.6,Mountain,Andhra Pradesh
IND0245,Rajendra 7387 Premium,India,Traditional,0,2,2,0,2,2,0,0,1,0,2,2,0,1,0,0,1,0,2,2,1.07,0.331,40.98,125.4,31.33,0,892.1,25.5,Clay,Maharashtra
IND0246,Rajendra 1547,India,Improved,1,1,0,1,2,1,1,0,0,1,1,2,1,2,2,1,2,1,1,1,1.93,0.281,36.48,123.3,30.07,1,1891.5,26.8,Black,Odisha
IND0247,NLR 6961 Premium,India,Traditional,0,0,0,1,1,2,0,2,0,1,2,2,1,2,2,0,2,2,0,2,0.96,0.294,35.33,93.3,31.67,1,906.1,21.6,Alluvial,Bihar
IND0248,VL 877 Premium,India,Improved,1,1,1,1,2,0,0,0,2,1,1,0,0,0,1,2,0,1,1,0,3.44,0.269,35.32,102.9,31.94,0,1220.7,21.9,Alluvial,Chhattisgarh
IND0249,MTU 8608 Super,India,Improved,0,2,0,0,0,1,2,1,2,0,0,1,1,2,0,0,2,0,2,1,3.67,0.235,41.36,105.6,32.93,0,1864.5,22.3,Alluvial,West Bengal
IND0250,NLR 2873 Premium,India,Hybrid,1,0,0,1,2,0,0,0,2,0,0,2,0,0,0,1,0,0,0,2,1.95,0.262,29.75,118.0,31.37,1,913.7,26.7,Clay,Madhya Pradesh
IND0251,BPT 2582,India,Indica,0,0,0,2,0,2,0,2,1,1,0,2,0,2,1,0,0,2,2,2,3.03,0.216,33.64,120.2,24.29,0,437.1,28.6,Alluvial,Haryana
IND0252,Rajendra 2130 Premium,India,Traditional,1,2,1,2,2,1,1,2,0,1,0,2,2,2,0,1,2,1,2,2,1.49,0.293,41.25,95.8,28.67,1,1145.0,26.4,Red,Tamil Nadu
IND0253,NLR 8648 Gold,India,Japonica,2,0,0,2,2,2,1,0,1,1,0,2,0,1,2,1,2,1,0,1,1.07,0.166,33.24,99.7,24.62,1,1917.9,29.0,Black,Odisha
IND0254,NLR 6384 Elite,India,Aromatic,2,2,1,0,2,1,0,0,2,0,0,2,2,2,2,2,0,0,0,1,3.55,0.252,33.12,115.7,36.06,1,1400.5,27.2,Black,Maharashtra
IND0255,MTU 6959 Plus,India,Aromatic,1,2,1,1,2,0,1,1,2,0,1,1,0,0,0,2,2,0,1,0,2.25,0.261,27.78,103.5,34.51,1,1013.6,28.9,Loam,Bihar
IND0256,BPT 6409 Elite,India,Hybrid,0,1,0,0,0,0,1,2,0,2,0,2,2,1,1,0,2,2,2,2,2.0,0.211,26.21,104.5,29.24,0,1282.2,29.2,Black,Maharashtra
IND0257,Rajendra 6552,India,Improved,1,0,0,0,2,1,2,2,1,1,1,2,1,0,2,1,1,0,0,2,2.57,0.235,27.93,105.6,32.35,1,2729.3,22.5,Laterite,Assam
IND0258,VL 385 Select,India,Aromatic,0,2,1,0,0,2,1,1,0,0,1,1,1,1,1,2,1,0,1,1,0.77,0.268,33.06,83.6,28.23,0,1473.2,21.2,Alluvial,Uttar Pradesh
IND0259,Rajendra 6404 Premium,India,Hybrid,0,2,0,0,1,1,0,2,2,1,2,1,1,2,1,2,2,2,1,0,3.94,0.254,30.8,76.5,31.76,0,753.7,32.3,Black,Gujarat
IND0260,MTU 1483 Plus,India,Traditional,2,1,1,2,1,2,0,2,2,0,0,1,2,1,2,1,0,2,0,2,0.85,0.306,36.72,125.7,36.95,1,978.7,19.9,Sandy Loam,Himachal Pradesh
IND0261,Co 7113 Select,India,Traditional,2,2,2,2,1,1,1,0,1,1,2,2,0,2,1,1,2,2,1,0,2.86,0.267,32.16,120.9,35.03,1,1355.7,23.6,Alluvial,Uttar Pradesh
IND0262,VL 2982 Gold,India,Indica,0,2,0,1,1,2,2,2,1,0,2,1,0,1,2,0,2,0,1,2,1.2,0.212,33.04,93.1,31.88,0,986.0,28.8,Alluvial,Andhra Pradesh
IND0263,Co 4942 Super,India,Improved,0,1,2,0,2,2,0,1,2,0,0,2,1,2,0,2,0,0,0,1,3.48,0.18,35.59,86.0,37.44,1,1145.1,20.6,Alluvial,Uttarakhand
IND0264,MTU 895 Super,India,Hybrid,2,2,1,2,1,0,1,2,0,2,0,1,2,0,2,1,2,1,2,2,3.9,0.2,34.28,123.7,30.33,1,1833.2,22.8,Mountain,Assam
IND0265,Pusa 5907 Elite,India,Traditional,1,2,0,1,1,2,0,1,1,0,0,2,1,1,0,2,0,2,2,2,0.75,0.17,36.66,76.4,35.04,1,398.2,33.4,Mountain,Rajasthan
IND0266,BPT 3103 Plus,India,Hybrid,0,2,0,0,0,1,0,2,1,2,0,0,0,2,0,2,2,0,1,0,2.01,0.196,33.73,91.6,23.8,0,1120.3,21.4,Alluvial,Uttar Pradesh
IND0267,BPT 3155 Super,India,Aromatic,0,1,0,2,1,2,0,2,0,1,0,2,1,2,0,0,0,2,1,2,3.09,0.286,29.33,70.2,34.59,1,396.6,25.2,Alluvial,Haryana
IND0268,Rajendra 1020 Select,India,Improved,2,0,1,2,1,1,0,2,0,0,2,0,0,2,1,0,1,1,2,0,2.09,0.29,29.76,87.8,23.96,1,1005.6,25.0,Laterite,Karnataka
IND0269,Co 4674,India,Indica,0,0,0,2,2,0,1,2,2,1,2,2,2,0,0,0,2,2,2,0,3.85,0.164,24.25,83.3,33.38,1,1086.2,23.2,Alluvial,Telangana
IND0270,NLR 2338 Premium,India,Hybrid,1,2,1,2,1,1,2,0,0,1,2,1,0,0,1,0,2,0,0,0,0.5,0.173,40.64,108.1,27.97,0,439.0,28.7,Alluvial,Punjab
IND0271,Rajendra 2275 Super,India,Improved,0,0,1,2,1,0,0,1,1,0,0,1,0,1,2,1,2,0,2,1,2.5,0.176,27.41,120.5,25.53,0,348.3,26.2,Alluvial,Rajasthan
IND0272,BPT 2606 Elite,India,Indica,1,2,0,2,1,0,2,2,0,1,0,2,2,2,0,1,2,1,2,1,1.83,0.311,33.61,115.1,36.37,1,1329.2,22.4,Black,Madhya Pradesh
IND0273,Pusa 6932 Gold,India,Indica,1,2,1,1,2,1,0,0,0,1,2,0,1,2,1,2,0,1,0,2,1.02,0.252,36.38,101.2,27.09,0,976.9,25.3,Laterite,Tamil Nadu
IND0274,MTU 8053 Premium,India,Traditional,2,2,1,2,2,2,0,2,0,0,1,1,1,1,0,0,0,2,0,1,2.79,0.191,29.14,91.0,26.77,1,1435.6,23.5,Loam,Andhra Pradesh
IND0275,VL 9689,India,Aromatic,2,0,1,0,0,1,0,0,1,2,0,2,1,1,0,0,0,0,2,2,2.71,0.224,31.66,90.7,25.16,0,1153.5,25.3,Alluvial,Uttar Pradesh
IND0276,BPT 3882 Premium,India,Hybrid,2,2,1,1,2,1,0,0,1,1,0,0,2,2,0,0,1,1,1,2,1.31,0.261,31.9,100.1,30.57,0,1005.5,29.3,Laterite,Karnataka
IND0277,Co 4270 Gold,India,Indica,0,1,0,2,1,0,1,1,0,2,0,0,2,1,0,1,1,0,0,1,2.62,0.17,39.1,100.9,29.29,0,2577.9,20.6,Alluvial,West Bengal
IND0278,NLR 9197 Select,India,Japonica,1,2,0,1,0,2,2,2,2,2,2,0,0,0,0,2,0,1,2,1,0.56,0.326,31.14,80.9,25.4,0,1387.9,23.3,Alluvial,Assam
IND0279,MTU 2640 Plus,India,Traditional,2,2,2,0,0,0,1,0,2,1,0,0,1,2,1,0,2,1,0,2,2.68,0.192,33.69,90.1,24.32,0,528.0,28.8,Alluvial,Punjab
IND0280,DRR 7514 Super,India,Improved,2,1,0,1,0,2,1,2,2,0,0,1,1,2,1,1,0,0,0,0,3.37,0.153,28.64,119.9,28.9,1,1542.2,29.4,Mountain,Assam
IND0281,NLR 4459 Premium,India,Aromatic,1,1,1,2,0,0,0,2,0,0,2,1,2,1,1,0,0,0,1,0,3.76,0.225,29.73,94.8,31.69,0,623.8,29.9,Clay,Gujarat
IND0282,Rajendra 1405,India,Traditional,1,1,2,1,0,2,2,1,2,2,1,2,1,2,0,2,2,2,1,1,2.75,0.283,33.79,101.0,37.93,0,633.2,29.1,Black,Rajasthan
IND0283,NLR 3026 Gold,India,Japonica,0,2,0,1,0,2,2,1,1,1,0,1,1,0,0,1,1,0,0,0,3.09,0.281,39.6,116.9,29.6,0,607.9,26.2,Clay,Gujarat
IND0284,Co 3235,India,Japonica,1,2,0,2,0,2,0,0,2,2,0,0,1,2,1,0,0,1,2,1,2.25,0.212,36.35,107.6,28.99,0,2210.4,21.4,Alluvial,Assam
IND0285,Pusa 6881 Select,India,Indica,0,1,0,1,1,1,0,1,1,0,2,2,0,2,0,0,1,2,2,1,3.61,0.319,31.6,84.1,32.4,0,1493.0,21.5,Black,Jharkhand
IND0286,Pusa 6064,India,Traditional,0,0,1,0,1,2,1,0,2,2,0,2,0,2,2,1,2,1,2,0,2.55,0.191,34.63,113.8,31.75,0,928.6,24.1,Sandy Loam,Bihar
IND0287,Rajendra 8696 Select,India,Aromatic,2,2,0,0,0,1,0,1,0,1,1,2,1,0,1,1,0,0,0,1,2.31,0.242,33.92,103.1,32.75,1,2919.0,22.4,Laterite,Odisha
IND0288,Pusa 5906 Plus,India,Aromatic,1,2,1,0,0,1,2,0,2,1,2,0,0,2,1,0,2,0,1,1,3.4,0.289,33.4,83.1,29.47,0,1257.7,19.1,Sandy Loam,Himachal Pradesh
IND0289,Co 6035 Elite,India,Traditional,1,2,2,2,2,1,0,2,2,2,0,2,0,0,2,1,2,1,0,1,1.48,0.334,35.75,83.2,35.8,1,1053.2,21.9,Laterite,Uttarakhand
IND0290,Rajendra 7740 Premium,India,Traditional,0,2,1,2,0,1,1,2,1,2,0,1,0,1,1,0,1,2,2,2,2.15,0.322,37.77,111.3,30.2,0,587.0,27.9,Alluvial,Punjab
IND0291,Co 937 Elite,India,Indica,1,0,1,0,2,2,1,1,2,2,1,2,1,1,0,1,0,2,1,2,3.4,0.152,42.4,80.9,29.21,1,1117.4,23.4,Alluvial,Uttar Pradesh
IND0292,BPT 8458 Select,India,Hybrid,0,0,2,2,2,0,0,2,0,2,2,0,1,0,0,0,0,2,2,0,0.5,0.347,23.16,87.6,25.39,0,2565.6,26.5,Alluvial,Odisha
IND0293,BPT 5313 Gold,India,Aromatic,1,2,1,2,0,0,2,1,1,2,2,1,1,2,0,1,2,2,2,0,0.54,0.318,35.55,99.9,36.51,0,729.2,22.8,Alluvial,Haryana
IND0294,DRR 1396 Plus,India,Hybrid,1,2,2,2,1,2,2,0,0,1,0,1,1,0,1,0,0,1,2,0,2.47,0.239,32.03,112.2,24.27,0,1879.8,22.1,Laterite,Kerala
IND0295,DRR 2497 Plus,India,Indica,1,1,2,1,0,2,0,2,2,0,2,1,0,1,0,0,1,0,0,0,3.58,0.253,39.56,85.7,26.1,0,1259.5,27.4,Clay,Chhattisgarh
IND0296,DRR 6798 Plus,India,Hybrid,0,2,0,1,0,2,2,2,1,0,0,1,1,1,1,0,2,1,0,1,2.75,0.268,41.46,77.4,31.62,0,924.7,29.7,Alluvial,Uttar Pradesh
IND0297,Pusa 4989 Gold,India,Aromatic,1,2,2,1,1,1,1,2,2,1,0,2,0,1,0,1,0,1,1,1,2.01,0.176,32.42,122.1,25.28,1,2765.8,24.2,Laterite,Kerala
IND0298,Pusa 9326 Super,India,Aromatic,2,0,0,0,2,1,1,2,2,0,2,0,2,1,1,2,0,1,1,2,3.63,0.337,35.73,120.2,34.19,1,1265.0,20.8,Sandy Loam,Himachal Pradesh
IND0299,Pusa 6462,India,Hybrid,1,0,1,2,0,1,2,1,0,2,1,2,2,2,0,2,2,1,1,2,2.68,0.319,39.66,116.0,30.83,0,890.9,33.1,Black,Maharashtra
IND0300,MTU 9274 Select,India,Improved,1,1,0,1,0,2,0,2,0,0,2,0,0,1,0,0,2,0,2,2,1.06,0.289,28.44,82.0,23.3,0,2723.9,22.6,Red,Odisha
IND0301,DRR 8996 Gold,India,Aromatic,1,2,0,1,2,2,0,1,0,0,0,1,2,1,0,1,0,2,0,2,2.74,0.229,42.3,94.8,25.11,1,1239.9,17.3,Laterite,Uttarakhand
IND0302,Co 2224 Gold,India,Japonica,0,0,0,1,2,2,1,2,2,1,0,0,2,0,1,1,1,1,1,1,2.98,0.297,38.35,79.1,36.6,0,1179.3,21.4,Alluvial,Chhattisgarh
IND0303,MTU 5089 Gold,India,Aromatic,0,0,1,1,1,0,1,0,0,0,0,0,2,1,2,0,1,0,1,1,1.63,0.151,28.55,85.8,28.92,0,1441.3,28.9,Alluvial,Uttar Pradesh
IND0304,DRR 5421 Select,India,Japonica,0,0,1,2,2,0,2,2,1,1,1,1,0,0,1,1,2,1,1,2,1.62,0.243,23.0,110.0,28.3,1,1467.6,23.3,Laterite,Kerala
IND0305,DRR 7714 Plus,India,Indica,2,2,0,2,1,2,0,0,1,2,0,0,1,2,1,2,1,0,2,1,2.93,0.265,33.22,106.6,32.52,0,1069.8,31.9,Clay,Maharashtra
IND0306,Pusa 964 Super,India,Indica,1,2,2,1,1,1,2,1,1,2,0,0,2,2,0,1,1,0,2,1,2.46,0.171,31.31,118.4,35.1,0,1404.3,22.2,Loam,Odisha
IND0307,BPT 6479 Select,India,Hybrid,2,2,2,2,2,2,0,2,0,1,1,1,2,1,1,0,1,1,0,2,2.72,0.201,42.64,118.5,28.3,1,1869.6,25.7,Alluvial,West Bengal
IND0308,MTU 4989 Select,India,Improved,1,1,1,1,2,0,2,1,2,1,0,1,1,1,0,2,2,0,2,1,1.86,0.157,29.77,76.3,31.87,1,2431.4,28.2,Red,Kerala
IND0309,VL 1161 Plus,India,Japonica,1,0,0,1,0,2,0,0,2,2,0,2,0,2,0,2,0,0,1,0,1.36,0.197,29.85,71.4,34.36,0,1925.0,27.4,Red,Kerala
IND0310,Co 730 Super,India,Aromatic,1,0,0,2,2,0,2,1,1,2,0,2,2,2,0,1,0,1,1,2,2.12,0.193,29.07,84.5,36.2,1,981.1,23.9,Alluvial,Uttarakhand
IND0311,BPT 4109 Elite,India,Traditional,2,0,1,2,0,2,2,0,1,0,1,0,0,1,1,0,0,0,1,0,1.14,0.326,26.02,117.1,34.17,0,1376.0,23.3,Alluvial,Telangana
IND0312,VL 8239 Gold,India,Japonica,1,2,1,0,2,0,2,0,2,2,0,0,0,1,1,0,0,2,0,1,3.63,0.227,38.38,112.3,34.52,0,1469.0,26.7,Clay,Maharashtra
IND0313,DRR 491 Gold,India,Japonica,2,2,0,2,0,2,1,1,0,1,0,2,2,0,1,2,1,0,2,2,2.57,0.271,28.27,78.0,35.56,1,1276.4,25.7,Alluvial,Bihar
IND0314,BPT 9911 Elite,India,Indica,1,1,0,2,0,0,2,2,2,1,1,0,1,2,0,2,1,2,1,2,0.84,0.183,33.59,122.0,39.69,0,1491.5,20.4,Black,Telangana
IND0315,BPT 2819 Gold,India,Indica,0,1,0,2,0,1,1,1,2,1,2,0,0,0,1,1,1,0,2,2,3.9,0.251,35.94,114.7,35.39,0,2276.4,20.9,Laterite,Assam
IND0316,MTU 4936 Gold,India,Aromatic,2,2,0,2,0,2,1,1,2,1,0,2,0,2,1,0,1,1,2,2,1.45,0.15,30.68,92.9,27.26,1,1270.5,29.6,Clay,Madhya Pradesh
IND0317,Co 9677 Plus,India,Aromatic,1,1,0,2,2,0,0,1,0,0,1,0,2,1,2,2,2,2,1,0,1.33,0.332,25.53,113.0,35.39,0,1755.6,21.5,Alluvial,West Bengal
IND0318,DRR 8072 Select,India,Indica,2,1,1,1,1,0,1,1,0,1,0,1,2,2,1,2,0,2,1,2,2.74,0.321,34.0,117.4,27.99,1,2327.1,28.8,Alluvial,West Bengal
IND0319,Pusa 1989 Super,India,Japonica,0,2,1,2,2,0,2,1,1,1,2,0,1,1,0,0,2,2,0,0,2.65,0.195,33.25,96.4,28.35,0,1231.5,28.6,Black,Jharkhand
IND0320,Co 3641 Gold,India,Improved,2,2,2,2,1,1,1,0,2,0,0,1,2,2,0,2,0,1,1,2,1.19,0.286,28.18,84.6,29.16,0,909.7,23.3,Clay,Madhya Pradesh
IND0321,MTU 2006 Premium,India,Traditional,1,2,1,2,0,2,1,2,2,0,0,1,1,0,0,0,1,0,1,0,2.72,0.174,30.36,77.1,36.4,0,1781.3,22.6,Clay,Assam
IND0322,DRR 5819 Super,India,Traditional,1,0,0,2,0,1,0,1,2,2,0,1,0,2,0,2,1,0,0,1,3.72,0.236,39.54,109.6,38.77,0,906.3,23.7,Laterite,Himachal Pradesh
IND0323,VL 888 Super,India,Improved,1,1,1,1,0,1,1,1,1,1,1,2,0,0,0,1,0,2,2,0,1.3,0.203,38.21,105.8,23.23,0,1498.3,26.7,Laterite,Karnataka
IND0324,BPT 5712,India,Improved,0,1,0,0,1,1,1,2,1,2,1,2,0,0,2,1,2,0,1,0,3.42,0.188,27.07,88.7,30.83,1,2898.9,25.2,Black,Odisha
IND0325,VL 6885 Gold,India,Indica,2,2,2,0,1,2,0,1,1,2,2,2,1,1,1,2,2,1,1,1,1.31,0.235,31.84,105.6,31.97,1,1049.9,26.7,Alluvial,Uttar Pradesh
IND0326,Co 4183 Premium,India,Indica,1,1,0,0,0,0,1,0,0,1,2,2,0,2,0,2,0,1,2,2,0.91,0.333,27.89,93.5,28.38,0,898.9,29.0,Loam,Telangana
IND0327,Pusa 1993 Premium,India,Aromatic,0,2,1,0,2,1,0,1,2,0,1,2,0,2,2,0,2,0,1,0,3.86,0.233,28.13,110.0,32.06,1,1295.7,28.9,Alluvial,Uttar Pradesh
IND0328,Pusa 4061 Gold,India,Hybrid,2,2,2,2,1,1,2,0,0,1,2,0,2,2,0,0,0,1,2,2,3.06,0.205,31.48,114.0,25.34,0,1204.7,17.4,Sandy Loam,Himachal Pradesh
IND0329,BPT 6003,India,Japonica,0,2,1,1,0,2,2,0,1,2,0,2,2,2,0,1,1,0,0,1,2.0,0.211,33.58,78.1,33.2,0,442.1,25.2,Alluvial,Haryana
IND0330,VL 4252 Premium,India,Traditional,2,1,1,2,2,1,1,2,2,2,2,2,2,2,1,1,0,1,0,0,1.19,0.249,30.42,116.9,34.77,1,1074.5,29.2,Red,Jharkhand
IND0331,NLR 8773,India,Improved,0,2,2,1,2,1,1,0,0,2,0,0,1,0,2,0,1,2,1,1,2.23,0.18,35.34,87.2,22.15,0,1181.1,21.5,Black,Himachal Pradesh
IND0332,Pusa 1566 Premium,India,Improved,0,1,2,0,0,1,2,2,2,2,2,1,1,2,1,2,2,2,2,2,3.76,0.286,42.23,101.7,37.69,0,467.2,23.4,Alluvial,Punjab
IND0333,Rajendra 6459 Gold,India,Indica,2,2,0,2,2,2,0,2,2,2,0,2,0,1,0,2,0,2,0,1,3.79,0.155,36.33,76.2,35.91,1,889.3,27.9,Alluvial,Bihar
IND0334,VL 4047 Super,India,Japonica,2,1,1,2,1,1,2,1,2,2,0,2,0,0,0,2,1,1,1,0,3.27,0.225,38.74,76.7,38.07,1,1298.3,22.2,Laterite,Himachal Pradesh
IND0335,NLR 9160 Elite,India,Hybrid,0,0,0,1,0,0,1,0,2,2,0,2,2,1,1,1,0,1,2,0,3.09,0.338,30.82,116.2,28.98,0,404.5,32.7,Loam,Rajasthan
IND0336,DRR 248 Elite,India,Indica,1,2,0,0,2,1,2,0,2,2,1,0,0,2,1,0,1,2,0,0,1.18,0.178,41.26,92.1,30.19,0,515.2,24.2,Alluvial,Haryana
IND0337,MTU 9040 Plus,India,Japonica,1,2,1,2,2,0,0,0,2,2,0,2,2,2,0,0,2,1,0,2,3.22,0.304,32.3,92.8,28.95,1,446.4,29.5,Clay,Gujarat
IND0338,NLR 75 Premium,India,Indica,0,2,2,0,1,1,0,2,2,2,1,1,0,0,0,2,0,0,1,2,3.45,0.154,34.91,110.2,29.22,0,427.1,20.7,Alluvial,Haryana
IND0339,Rajendra 6765 Select,India,Japonica,0,1,2,2,0,2,0,2,2,2,2,1,2,1,1,0,1,2,0,1,1.91,0.159,41.34,97.1,27.77,0,1365.2,22.0,Loam,Himachal Pradesh
IND0340,NLR 5110 Elite,India,Japonica,0,0,1,1,1,2,0,0,2,1,0,2,2,0,1,1,0,0,1,1,0.93,0.255,24.58,108.6,28.63,0,1215.7,22.3,Alluvial,Uttar Pradesh
IND0341,Rajendra 4086 Select,India,Indica,1,1,1,1,2,1,0,0,1,1,0,0,1,2,2,0,2,0,0,0,0.82,0.229,32.05,98.1,26.57,0,1168.6,22.8,Black,Jharkhand
IND0342,Pusa 7632 Gold,India,Improved,1,0,0,2,1,1,1,2,2,2,1,2,2,1,1,1,0,0,0,2,2.65,0.158,40.4,112.0,27.37,1,1227.9,22.3,Alluvial,Assam
IND0343,MTU 442 Elite,India,Aromatic,0,2,1,1,2,2,1,1,1,0,2,2,0,1,2,0,0,0,2,2,2.56,0.346,34.94,82.3,32.56,1,1442.8,30.9,Clay,Maharashtra
IND0344,DRR 2942 Premium,India,Aromatic,2,1,2,2,0,2,0,1,2,1,0,2,2,2,2,2,0,2,2,0,1.22,0.269,29.03,115.8,36.71,1,859.0,29.8,Alluvial,Uttar Pradesh
IND0345,MTU 9719 Plus,India,Aromatic,2,2,0,1,2,2,1,0,1,0,0,0,2,2,0,0,0,1,1,1,0.61,0.341,39.8,115.5,26.83,0,471.5,22.0,Alluvial,Punjab
IND0346,Rajendra 1067 Super,India,Indica,2,0,2,2,0,2,0,1,2,0,0,0,0,2,0,1,0,1,1,0,2.26,0.196,40.05,123.6,30.13,0,1314.2,29.2,Red,Andhra Pradesh
IND0347,Co 168 Elite,India,Traditional,0,0,1,0,0,2,1,1,1,1,2,1,0,1,0,0,0,1,2,2,3.59,0.219,27.48,118.3,26.85,0,940.0,21.9,Mountain,Chhattisgarh
IND0348,Rajendra 879 Premium,India,Japonica,1,2,2,2,1,1,0,2,1,1,2,1,1,2,2,1,0,1,0,0,2.69,0.23,37.5,89.0,35.5,1,1215.5,25.9,Red,Karnataka
IND0349,VL 7185 Super,India,Japonica,0,0,1,1,0,0,2,1,2,0,0,1,0,2,2,2,0,1,2,0,3.87,0.277,28.57,114.0,30.53,0,1214.0,28.3,Black,Telangana
IND0350,NLR 2795 Gold,India,Hybrid,1,2,1,2,2,0,0,0,2,2,0,0,2,2,0,0,2,0,0,1,3.67,0.197,35.17,116.6,34.89,0,1467.3,23.3,Laterite,Karnataka
IND0351,Co 2994 Super,India,Aromatic,2,1,1,1,2,1,0,2,1,1,2,0,2,1,0,2,1,1,2,1,0.79,0.342,40.91,78.6,26.61,1,1381.6,22.9,Laterite,Karnataka
IND0352,DRR 9383 Super,India,Japonica,0,2,0,2,2,2,0,2,0,0,0,1,1,0,2,2,2,2,0,0,0.92,0.315,34.61,122.2,25.95,1,431.7,32.6,Black,Gujarat
IND0353,VL 6481 Elite,India,Japonica,1,1,0,2,2,1,1,2,2,2,1,0,1,1,2,1,1,0,2,1,3.97,0.276,37.21,121.7,37.07,1,1190.1,20.5,Loam,Telangana
IND0354,Rajendra 8169 Plus,India,Aromatic,1,2,1,2,0,1,2,2,1,0,1,0,0,0,0,0,2,2,0,1,3.27,0.234,39.06,113.2,30.36,0,1487.7,20.2,Laterite,Bihar
IND0355,Pusa 9186 Plus,India,Improved,2,1,0,1,0,1,0,0,1,1,0,1,1,1,0,2,0,2,0,1,2.94,0.212,32.61,89.1,34.58,0,1102.1,23.7,Mountain,Himachal Pradesh
IND0356,Rajendra 2489,India,Aromatic,1,1,2,1,0,1,0,2,1,2,2,2,0,0,1,0,2,0,1,2,3.73,0.343,35.45,128.7,28.98,1,1139.6,20.9,Laterite,Chhattisgarh
IND0357,BPT 3772 Plus,India,Aromatic,2,2,0,0,1,2,1,2,0,2,1,1,1,2,0,1,1,2,2,0,0.99,0.256,37.64,109.2,24.57,1,804.3,21.8,Alluvial,Uttar Pradesh
IND0358,Rajendra 4926,India,Indica,2,2,1,1,0,0,2,1,2,1,1,0,1,2,0,0,1,1,1,0,0.89,0.305,32.74,107.1,28.28,0,1379.8,24.2,Loam,Jharkhand
IND0359,DRR 2857 Premium,India,Japonica,1,0,1,0,0,2,1,1,1,0,0,2,0,2,2,2,0,2,2,2,1.43,0.308,28.72,108.9,23.98,0,1101.7,33.6,Black,Maharashtra
IND0360,Co 8261 Super,India,Traditional,1,1,1,2,0,2,1,1,1,1,2,1,1,2,2,2,1,0,1,2,2.22,0.196,42.18,94.4,38.88,0,1116.8,27.5,Red,Karnataka
IND0361,VL 6638,India,Aromatic,0,0,0,1,2,2,1,2,2,1,1,2,0,0,0,1,2,0,2,0,2.27,0.159,30.9,90.1,30.85,1,1456.7,20.8,Loam,Telangana
IND0362,Pusa 3441,India,Aromatic,0,1,0,1,1,2,0,1,2,1,1,0,1,1,1,1,1,1,1,0,0.63,0.287,29.46,109.8,31.46,0,1011.7,26.9,Laterite,Chhattisgarh
IND0363,DRR 1434 Premium,India,Improved,1,0,0,2,0,0,2,0,0,2,0,0,1,2,0,1,1,2,2,1,0.76,0.31,33.23,82.6,34.34,0,985.1,26.0,Black,Madhya Pradesh
IND0364,Rajendra 7298 Plus,India,Aromatic,0,2,0,2,1,1,0,0,2,2,2,2,2,0,2,1,1,1,2,1,2.38,0.218,35.37,96.9,33.48,0,1190.7,22.0,Laterite,Uttarakhand
IND0365,Co 4843 Plus,India,Aromatic,0,1,0,0,0,2,1,2,0,0,0,1,1,1,0,1,0,2,2,0,0.62,0.298,37.18,116.3,32.07,0,1459.1,26.1,Black,Madhya Pradesh
IND0366,DRR 4028 Gold,India,Indica,1,1,1,2,0,0,0,0,0,0,0,0,0,2,1,1,1,2,2,2,2.5,0.277,28.33,107.7,28.99,0,868.9,22.8,Red,Karnataka
IND0367,Rajendra 2056,India,Hybrid,0,2,2,2,0,2,1,1,1,2,1,0,0,2,2,2,1,0,2,0,1.89,0.153,40.65,102.7,37.55,0,1307.0,22.7,Red,Karnataka
IND0368,MTU 2238 Select,India,Improved,0,0,0,1,0,2,0,1,0,2,1,1,1,2,1,1,1,1,0,1,1.78,0.195,35.07,89.4,27.46,0,924.3,25.8,Black,Madhya Pradesh
IND0369,BPT 6954 Gold,India,Japonica,1,2,1,2,1,1,1,0,0,2,0,0,0,2,1,0,1,0,2,1,3.2,0.215,44.91,90.8,22.42,0,970.4,26.0,Laterite,Tamil Nadu
IND0370,Pusa 2768 Super,India,Aromatic,2,2,0,1,2,0,1,0,0,2,1,2,0,0,2,2,0,0,0,0,3.02,0.337,35.08,121.1,32.14,1,2839.6,21.4,Laterite,Kerala
IND0371,Pusa 1277 Select,India,Aromatic,2,1,0,2,0,1,1,1,2,1,0,1,0,2,1,2,1,0,0,1,3.22,0.214,30.93,101.1,37.25,0,447.6,32.7,Mountain,Rajasthan
IND0372,Pusa 978 Super,India,Aromatic,2,1,0,2,0,1,1,1,2,1,0,0,2,2,1,1,0,1,1,2,1.27,0.249,32.0,97.1,30.71,0,1939.6,22.7,Red,Assam
IND0373,NLR 7731 Select,India,Indica,1,1,0,2,0,2,2,2,0,1,0,1,2,0,0,2,2,2,0,1,3.38,0.24,35.29,112.9,34.72,0,640.1,24.4,Alluvial,Punjab
IND0374,NLR 652 Premium,India,Traditional,0,1,0,1,2,1,1,2,0,1,0,2,2,2,1,0,2,1,2,1,2.06,0.164,32.36,102.9,27.79,1,989.5,24.7,Red,Uttarakhand
IND0375,MTU 3648 Plus,India,Traditional,2,1,0,1,0,2,2,1,1,2,1,0,2,2,2,2,0,1,0,0,3.44,0.271,43.68,122.4,33.15,0,534.8,32.8,Black,Gujarat
IND0376,Pusa 2548 Super,India,Traditional,0,0,0,0,0,2,2,2,2,2,2,0,0,2,0,1,0,1,0,2,3.38,0.327,41.09,116.4,26.26,0,537.3,29.7,Black,Gujarat
IND0377,MTU 1215 Elite,India,Japonica,2,0,2,0,1,2,2,2,2,2,2,1,0,1,2,1,0,2,2,0,2.78,0.301,33.69,121.9,29.34,1,1431.6,23.9,Alluvial,Uttar Pradesh
IND0378,Pusa 6647 Gold,India,Improved,0,1,2,0,1,2,1,1,0,0,2,0,2,0,1,1,0,1,0,2,3.14,0.259,34.69,117.1,24.26,0,1239.7,24.0,Mountain,Telangana
IND0379,BPT 2342 Premium,India,Aromatic,1,0,2,1,2,2,0,2,0,1,0,1,0,1,0,1,0,0,0,0,2.79,0.182,30.02,76.5,25.58,1,1120.6,34.5,Clay,Maharashtra
IND0380,VL 891 Premium,India,Aromatic,2,2,2,1,1,2,2,1,0,2,1,0,2,2,1,0,1,0,2,2,0.53,0.231,43.49,126.6,35.52,0,1355.8,26.4,Laterite,Karnataka
IND0381,Rajendra 4005,India,Japonica,2,1,0,1,1,0,1,0,0,1,0,1,1,1,0,2,2,1,2,0,2.06,0.334,34.53,86.3,28.58,0,529.8,31.3,Sandy Loam,Rajasthan
IND0382,DRR 5639 Select,India,Aromatic,2,2,1,1,1,2,0,1,1,1,0,1,0,1,1,0,2,0,2,1,0.69,0.209,37.64,109.6,32.54,1,1486.4,24.9,Clay,Madhya Pradesh
IND0383,MTU 274 Plus,India,Aromatic,1,1,2,2,1,1,1,1,0,2,1,2,1,2,2,2,1,0,1,2,2.8,0.168,36.47,89.1,35.63,1,1378.8,23.3,Red,Tamil Nadu
IND0384,Co 3828 Select,India,Hybrid,2,0,2,0,1,0,0,0,2,1,1,0,0,2,1,2,2,1,2,2,3.66,0.332,33.16,86.8,35.29,0,501.1,28.0,Alluvial,Punjab
IND0385,Rajendra 4354 Gold,India,Aromatic,2,2,0,0,2,2,0,2,1,2,0,0,0,1,1,0,2,0,2,1,3.01,0.333,31.96,93.6,32.98,1,342.4,28.8,Black,Gujarat
IND0386,BPT 1146,India,Hybrid,2,1,1,2,0,1,2,0,1,1,0,1,0,1,1,2,2,0,2,2,2.97,0.172,29.91,99.1,30.68,0,1039.8,22.4,Laterite,Karnataka
IND0387,DRR 6978 Plus,India,Japonica,0,1,0,1,2,2,2,1,1,0,1,0,2,0,2,0,2,0,0,1,1.03,0.225,33.0,89.4,28.99,0,911.0,28.6,Mountain,Bihar
IND0388,BPT 9354 Elite,India,Improved,1,2,2,0,2,1,2,0,2,1,0,2,1,2,1,2,0,0,1,2,0.95,0.233,39.83,124.9,28.76,1,1278.4,26.0,Clay,Telangana
IND0389,Co 7828 Select,India,Hybrid,0,2,1,1,1,2,0,0,2,2,0,2,1,2,1,0,1,0,0,0,0.7,0.301,34.15,101.2,34.13,0,321.1,26.7,Alluvial,Punjab
IND0390,Rajendra 511 Plus,India,Indica,2,2,1,0,2,0,1,0,1,2,0,0,1,2,1,2,0,1,0,2,0.57,0.299,40.04,103.2,30.95,0,435.4,28.9,Black,Rajasthan
IND0391,BPT 2500 Select,India,Traditional,0,2,0,1,0,0,0,2,2,0,1,0,0,0,1,0,2,0,0,0,2.85,0.324,30.23,87.1,29.71,0,1444.5,22.3,Black,Andhra Pradesh
IND0392,DRR 8232 Plus,India,Aromatic,2,1,2,0,1,0,0,0,2,0,2,0,0,2,1,0,1,0,0,0,3.29,0.199,32.01,89.1,22.49,0,883.6,28.2,Alluvial,Uttar Pradesh
IND0393,VL 2717 Super,India,Hybrid,1,2,1,0,0,0,0,2,2,2,2,2,2,0,2,2,1,2,2,1,0.94,0.274,35.64,126.1,37.26,1,1458.3,29.1,Alluvial,Uttar Pradesh
IND0394,Co 3038 Super,India,Japonica,2,0,0,2,2,1,0,1,0,0,0,1,0,1,2,2,2,2,0,1,3.77,0.34,23.14,90.3,28.46,1,916.3,21.8,Laterite,Tamil Nadu
IND0395,DRR 5270 Elite,India,Japonica,1,1,2,0,2,0,1,1,2,2,1,0,1,1,2,1,1,2,2,1,1.64,0.241,28.96,111.0,31.55,0,417.0,33.3,Loam,Rajasthan
IND0396,BPT 7240,India,Traditional,1,0,1,2,0,1,0,2,1,2,2,2,0,2,2,2,1,2,0,0,3.45,0.191,28.37,89.5,31.91,1,1438.7,20.1,Black,Bihar
IND0397,BPT 4203 Select,India,Indica,1,2,0,0,2,2,2,2,2,1,1,2,2,1,2,1,1,1,2,1,2.84,0.282,32.62,89.4,28.78,1,1355.6,21.2,Clay,Uttarakhand
IND0398,NLR 7389 Premium,India,Indica,0,0,2,2,1,2,1,0,1,1,1,0,0,0,0,2,1,2,1,2,2.83,0.189,37.85,124.2,27.0,0,1451.6,20.9,Red,Karnataka
IND0399,BPT 6614 Elite,India,Indica,1,0,1,2,1,1,0,0,2,2,1,0,0,0,2,2,0,0,0,0,2.29,0.284,36.41,79.3,36.58,0,1201.1,24.9,Red,Bihar
IND0400,Rajendra 1802,India,Aromatic,2,0,0,2,2,2,1,2,2,2,1,1,2,1,0,0,0,1,0,0,2.17,0.151,32.94,103.8,30.4,1,1196.4,28.7,Red,Karnataka
IND0401,VL 3054 Plus,India,Japonica,2,2,0,1,1,1,0,0,2,1,2,1,0,2,0,2,0,0,1,2,2.49,0.171,32.88,107.4,28.93,0,800.3,20.8,Loam,Telangana
IND0402,NLR 153 Plus,India,Traditional,2,2,0,0,0,0,1,2,0,1,1,0,2,1,0,2,1,0,2,0,0.97,0.254,34.19,103.9,25.41,0,924.9,15.8,Loam,Uttarakhand
IND0403,Pusa 1655 Plus,India,Japonica,2,2,0,1,0,1,2,2,0,0,0,0,1,2,1,2,1,1,0,2,3.51,0.2,30.14,98.8,24.2,0,1146.3,26.0,Clay,Maharashtra
IND0404,Pusa 5707 Elite,India,Aromatic,2,0,2,2,2,0,0,1,2,2,1,0,2,2,2,0,2,0,0,1,1.43,0.2,34.06,93.4,26.18,1,755.6,24.9,Alluvial,Punjab
IND0405,VL 479 Gold,India,Hybrid,1,2,1,0,2,1,0,2,2,0,0,2,1,2,2,0,0,0,2,2,1.81,0.348,30.8,113.2,24.06,1,2816.2,23.2,Mountain,Odisha
IND0406,VL 6921 Super,India,Traditional,0,0,0,2,0,0,1,2,1,0,2,0,2,2,0,1,0,2,0,1,2.39,0.179,29.22,116.3,36.92,0,2543.6,28.0,Alluvial,West Bengal
IND0407,Rajendra 695 Select,India,Hybrid,2,0,0,0,0,2,2,2,1,1,1,0,0,2,2,0,2,1,0,2,2.6,0.285,38.23,81.4,22.73,0,1247.5,17.8,Clay,Uttarakhand
IND0408,Pusa 9161 Plus,India,Traditional,1,2,1,0,0,2,1,1,2,1,1,0,2,1,2,2,1,0,1,2,2.04,0.245,31.75,115.7,26.75,0,906.6,25.3,Alluvial,Uttar Pradesh
IND0409,Pusa 6940 Elite,India,Indica,1,2,0,0,1,2,2,2,1,2,0,0,1,1,1,0,2,1,0,1,1.54,0.278,36.92,125.6,34.92,0,688.6,20.4,Alluvial,Haryana
IND0410,VL 2996 Super,India,Improved,1,1,2,1,1,2,1,1,1,1,0,1,2,0,2,1,2,2,0,0,1.85,0.212,34.39,84.0,26.69,0,816.0,22.8,Red,Chhattisgarh
IND0411,NLR 468 Premium,India,Japonica,1,2,2,2,1,2,1,1,1,1,2,1,1,1,2,1,1,2,1,1,1.88,0.181,42.36,98.0,36.31,0,1014.2,27.4,Alluvial,Uttar Pradesh
IND0412,Co 9568 Select,India,Aromatic,0,1,1,1,2,1,2,0,0,2,1,0,0,2,2,2,0,0,1,2,2.34,0.329,41.11,91.1,30.44,0,1348.7,20.3,Laterite,Kerala
IND0413,BPT 2593 Elite,India,Hybrid,2,2,1,2,2,0,2,2,2,1,1,0,1,1,1,1,0,1,1,1,2.22,0.174,31.48,91.7,37.19,1,1100.7,25.3,Alluvial,Uttar Pradesh
IND0414,MTU 9523 Premium,India,Traditional,2,2,1,2,2,2,1,2,2,0,2,0,1,0,2,2,0,0,2,2,3.81,0.326,34.28,112.0,30.32,1,2892.8,27.1,Laterite,Kerala
IND0415,MTU 5179 Elite,India,Improved,2,2,2,0,0,2,2,1,2,0,2,1,1,1,1,0,2,0,2,2,1.13,0.263,30.02,89.1,29.68,0,397.9,21.2,Alluvial,Punjab
IND0416,Co 1204,India,Improved,0,1,2,0,0,0,0,0,2,0,0,0,0,1,2,0,0,0,0,2,2.05,0.228,30.17,99.5,23.25,0,714.2,30.8,Loam,Rajasthan
IND0417,Pusa 783 Gold,India,Japonica,2,0,0,1,0,2,0,1,1,1,1,2,0,1,0,1,2,2,1,2,0.59,0.215,32.33,117.6,33.94,1,1222.5,17.4,Loam,Himachal Pradesh
IND0418,VL 8295 Gold,India,Improved,1,1,0,0,0,1,2,1,1,2,1,0,1,2,0,1,1,0,1,2,1.95,0.273,43.89,87.5,32.19,0,1120.5,24.2,Clay,Andhra Pradesh
IND0419,DRR 2993 Elite,India,Improved,2,0,0,1,2,2,2,0,1,0,0,1,0,1,1,1,1,1,2,0,1.67,0.257,33.29,76.3,31.66,1,848.2,23.7,Laterite,Karnataka
IND0420,Co 3072 Select,India,Improved,0,1,2,0,0,2,1,2,2,0,0,2,0,1,2,2,0,0,1,0,2.72,0.204,31.5,83.6,30.08,0,2354.4,23.2,Laterite,Kerala
IND0421,Rajendra 9652 Premium,India,Improved,2,2,0,2,2,1,0,1,1,2,1,0,2,2,1,0,1,0,1,0,0.73,0.233,36.73,117.6,28.06,1,987.4,22.8,Clay,Andhra Pradesh
IND0422,NLR 3386 Gold,India,Hybrid,0,2,0,2,2,2,1,2,2,1,0,1,0,2,1,2,2,1,2,2,1.4,0.165,44.19,123.2,28.41,1,1315.0,25.1,Clay,Maharashtra
IND0423,MTU 8760 Select,India,Aromatic,0,2,2,2,1,2,1,0,2,2,0,2,2,2,1,1,0,1,0,0,1.17,0.195,44.25,114.4,34.46,0,2763.2,28.5,Alluvial,Odisha
IND0424,Rajendra 7116 Plus,India,Improved,2,0,2,2,0,1,1,0,2,2,2,1,0,2,1,1,1,2,0,1,3.58,0.344,40.65,87.2,32.6,0,1536.3,23.5,Laterite,Kerala
IND0425,Co 6097 Gold,India,Indica,2,2,0,1,1,0,1,2,2,2,0,2,1,0,1,0,0,0,1,2,2.4,0.317,29.13,116.8,31.52,1,1274.7,26.8,Red,Karnataka
IND0426,NLR 8223 Select,India,Improved,0,2,0,0,2,0,0,0,0,0,1,2,1,2,1,1,1,0,0,0,0.86,0.256,36.81,95.4,33.47,0,1234.9,24.9,Red,Jharkhand
IND0427,MTU 9211 Select,India,Indica,1,0,0,1,2,2,1,1,2,1,0,1,2,0,1,0,2,2,1,1,2.93,0.261,38.91,96.2,29.6,1,571.5,22.3,Alluvial,Haryana
IND0428,Rajendra 7099 Premium,India,Aromatic,0,0,0,1,1,0,1,0,1,1,2,2,2,2,0,1,2,1,1,2,1.47,0.229,33.49,89.0,35.47,0,1141.3,26.1,Red,Karnataka
IND0429,NLR 377 Plus,India,Japonica,1,0,1,0,2,2,1,1,1,1,1,0,0,1,0,1,0,1,1,1,3.01,0.184,30.82,88.9,23.21,0,836.2,15.4,Red,Himachal Pradesh
IND0430,Pusa 7535 Premium,India,Traditional,0,2,2,1,0,0,2,0,2,1,1,1,1,0,0,2,0,0,0,2,1.44,0.158,25.74,124.3,36.88,0,970.8,22.8,Laterite,Tamil Nadu
IND0431,DRR 3586 Plus,India,Improved,1,1,1,2,1,0,2,1,0,0,0,0,1,1,1,1,2,1,1,0,1.33,0.193,32.36,85.2,27.61,0,984.7,21.3,Sandy Loam,Telangana
IND0432,MTU 3149 Select,India,Japonica,0,1,0,2,1,2,1,2,2,1,1,0,0,2,1,1,1,2,0,2,2.45,0.321,42.89,109.8,26.35,0,2663.5,28.7,Black,Odisha
IND0433,DRR 6341 Select,India,Japonica,0,2,2,0,0,2,1,0,2,2,1,1,2,2,0,1,1,0,0,1,1.18,0.304,45.33,102.4,26.68,0,2589.5,26.3,Red,Kerala
IND0434,BPT 4619 Select,India,Indica,0,2,2,2,0,0,1,1,2,1,0,1,0,2,0,0,0,1,2,2,3.69,0.278,33.91,92.6,25.01,0,1059.5,27.1,Alluvial,Uttar Pradesh
IND0435,BPT 2849 Super,India,Aromatic,2,1,1,1,1,2,0,2,0,2,0,0,0,2,0,1,1,2,0,1,2.57,0.206,40.48,100.1,34.08,1,376.0,25.2,Alluvial,Haryana
IND0436,Co 8935 Plus,India,Japonica,2,1,0,0,0,2,0,1,1,2,0,1,0,2,0,2,2,1,2,2,0.97,0.22,31.63,98.8,33.1,0,1013.8,30.0,Red,Tamil Nadu
IND0437,NLR 3070 Super,India,Indica,2,0,1,1,1,1,1,0,0,0,0,1,2,1,2,1,0,0,1,2,0.86,0.324,29.54,80.8,28.84,0,703.7,25.7,Laterite,Rajasthan
IND0438,Pusa 6978 Plus,India,Japonica,2,2,1,0,1,0,2,0,2,1,2,0,2,1,0,1,0,2,1,1,3.69,0.28,37.03,112.5,36.7,0,1144.2,28.3,Laterite,Tamil Nadu
IND0439,VL 7971 Premium,India,Indica,2,2,1,2,1,1,0,2,1,1,0,1,1,1,1,0,0,1,2,2,1.83,0.299,36.91,109.6,33.43,1,1097.2,29.6,Clay,Chhattisgarh
IND0440,Pusa 6052 Gold,India,Improved,1,0,2,2,1,1,1,0,2,0,1,1,1,2,0,1,0,0,2,2,1.44,0.22,35.15,90.5,31.66,0,1096.4,23.4,Clay,Madhya Pradesh
IND0441,Pusa 5926 Gold,India,Improved,1,0,1,2,2,2,1,2,0,2,2,0,0,2,2,0,1,2,0,1,2.87,0.202,29.12,117.8,23.03,1,1004.8,21.4,Clay,Madhya Pradesh
IND0442,Rajendra 6573 Select,India,Improved,2,0,2,0,1,2,2,2,1,2,0,1,1,1,1,2,1,1,1,0,3.36,0.345,31.6,116.8,30.83,1,1146.2,27.9,Clay,Bihar
IND0443,Rajendra 8787 Gold,India,Hybrid,1,1,1,1,1,2,2,2,0,1,0,2,1,0,2,1,0,0,2,0,1.61,0.297,39.28,125.6,25.45,1,1110.8,23.2,Mountain,Telangana
IND0444,NLR 5492 Select,India,Indica,0,0,1,0,1,0,1,0,1,2,2,2,0,2,1,2,0,1,0,1,3.93,0.243,38.85,112.6,35.57,0,925.2,24.8,Loam,Jharkhand
IND0445,Rajendra 8514 Premium,India,Indica,1,2,0,2,1,1,0,1,1,2,1,2,1,2,2,2,1,0,0,0,1.2,0.283,34.65,117.9,28.74,1,2348.6,26.4,Alluvial,West Bengal
IND0446,NLR 8013 Plus,India,Hybrid,2,1,0,0,2,1,0,1,2,0,0,0,0,1,2,1,2,2,2,2,3.0,0.2,33.66,78.1,32.83,1,380.5,20.7,Alluvial,Punjab
IND0447,BPT 3093 Plus,India,Indica,2,1,2,2,1,2,0,0,2,2,2,0,0,2,1,0,2,0,0,2,1.45,0.217,37.14,90.9,29.59,0,1548.7,21.0,Laterite,Kerala
IND0448,DRR 7196,India,Aromatic,0,2,0,2,1,1,2,0,0,0,0,1,1,0,0,0,1,1,2,0,0.75,0.175,24.57,77.9,27.28,0,1329.7,26.5,Red,Odisha
IND0449,BPT 9828 Elite,India,Hybrid,1,1,0,1,0,0,0,0,0,0,1,1,0,1,0,0,2,0,1,1,2.79,0.3,31.49,93.1,30.61,0,2061.8,26.4,Black,Assam
IND0450,Pusa 376 Gold,India,Hybrid,2,2,0,1,1,0,1,2,0,2,1,0,1,1,1,0,1,1,0,2,3.9,0.255,31.79,94.8,27.41,1,1373.6,22.0,Red,Tamil Nadu
IND0451,Pusa 1428,India,Hybrid,2,0,0,1,1,2,1,0,2,2,0,0,0,1,1,2,2,2,2,0,2.96,0.183,37.43,111.8,33.24,0,591.5,21.5,Alluvial,Haryana
IND0452,MTU 8312 Gold,India,Hybrid,1,2,1,2,0,1,1,0,2,1,1,1,1,1,0,0,2,2,0,0,1.82,0.318,36.63,80.0,26.66,0,2613.9,29.4,Alluvial,West Bengal
IND0453,Pusa 2206 Super,India,Improved,1,0,2,2,0,2,0,1,0,2,1,1,2,0,1,2,2,0,2,0,2.18,0.185,37.21,84.4,35.16,0,953.4,29.2,Mountain,Telangana
IND0454,Pusa 6501 Plus,India,Hybrid,0,1,0,1,0,1,2,0,2,2,2,1,0,1,1,1,0,1,2,2,0.93,0.295,40.52,124.7,36.56,0,744.8,29.1,Alluvial,Punjab
IND0455,DRR 9181 Gold,India,Japonica,1,0,0,1,2,1,0,0,1,2,2,2,0,1,1,1,1,1,2,2,1.05,0.336,28.4,101.1,32.23,1,1340.4,19.8,Alluvial,Uttarakhand
IND0456,DRR 607 Select,India,Improved,0,1,1,1,0,2,0,1,1,2,1,2,1,0,2,2,2,0,0,1,1.12,0.31,40.22,122.1,35.01,0,2559.8,21.8,Red,Kerala
IND0457,Co 69 Elite,India,Hybrid,0,0,0,2,0,2,1,0,1,0,0,0,2,2,0,1,0,2,0,0,3.09,0.175,27.02,87.8,35.32,0,1392.1,22.0,Sandy Loam,Andhra Pradesh
IND0458,MTU 3461 Elite,India,Indica,2,2,2,1,2,1,0,0,0,2,0,1,1,1,0,1,2,0,2,1,3.86,0.337,40.61,85.6,35.78,1,2246.8,26.6,Mountain,Assam
IND0459,Co 8962 Plus,India,Hybrid,2,2,2,2,1,1,1,0,1,2,0,1,0,2,1,0,2,0,2,0,3.91,0.262,34.96,78.4,27.14,0,1571.3,26.9,Red,Kerala
IND0460,Pusa 81 Gold,India,Japonica,0,0,1,2,2,1,1,2,2,1,1,1,0,1,1,0,1,2,0,1,1.14,0.288,29.42,122.5,36.94,1,448.8,26.3,Alluvial,Haryana
IND0461,Co 9975 Premium,India,Indica,0,1,2,1,0,1,0,1,0,1,2,1,2,2,2,2,2,1,1,2,1.04,0.194,31.44,111.3,37.24,0,1477.1,25.7,Clay,Madhya Pradesh
IND0462,DRR 9189 Premium,India,Traditional,1,0,0,0,2,1,1,0,2,2,0,0,2,2,2,1,0,1,0,2,1.61,0.256,40.23,112.8,33.94,0,1193.0,27.3,Black,Maharashtra
IND0463,Pusa 1172 Super,India,Aromatic,2,0,1,0,0,1,2,1,1,0,0,1,1,0,0,2,0,2,2,2,0.63,0.23,23.48,80.7,26.88,0,970.6,24.6,Black,Himachal Pradesh
IND0464,DRR 4054 Super,India,Indica,2,2,0,1,0,1,2,1,1,2,1,2,0,2,0,0,1,1,1,2,2.4,0.219,33.48,82.1,31.92,1,1336.8,28.2,Laterite,Tamil Nadu
IND0465,MTU 7313 Plus,India,Traditional,2,1,2,1,2,0,1,0,2,2,1,2,2,2,1,1,2,2,0,2,3.38,0.187,31.66,94.6,33.69,1,1144.8,23.5,Black,Bihar
IND0466,VL 2217 Gold,India,Indica,0,1,2,0,0,2,1,0,2,0,1,0,2,1,0,0,2,2,1,1,2.39,0.25,38.9,91.7,27.68,0,897.4,29.1,Laterite,Chhattisgarh
IND0467,BPT 2277 Elite,India,Indica,0,0,2,0,2,1,2,2,0,0,2,2,1,1,0,2,2,1,1,1,2.84,0.33,30.45,118.5,24.57,1,1553.7,23.7,Loam,Assam
IND0468,NLR 935 Gold,India,Hybrid,0,1,0,2,1,1,1,2,2,1,1,0,1,2,1,2,0,2,2,2,1.31,0.308,39.88,94.8,37.49,0,1043.3,28.6,Clay,Chhattisgarh
IND0469,DRR 4952 Premium,India,Aromatic,0,1,0,0,2,2,2,2,1,2,1,1,1,0,1,2,2,2,1,0,1.1,0.236,37.81,101.7,35.13,1,1315.3,30.9,Black,Maharashtra
IND0470,Pusa 8984 Super,India,Indica,2,0,0,0,2,1,0,1,2,2,0,0,0,0,1,2,2,0,1,2,3.63,0.153,35.73,95.4,31.64,1,1364.2,24.9,Laterite,Himachal Pradesh
IND0471,NLR 4893 Elite,India,Japonica,1,1,0,1,0,2,0,2,2,2,1,2,2,2,1,2,2,0,1,2,1.74,0.193,38.21,105.0,33.09,1,1453.9,21.8,Red,Tamil Nadu
IND0472,NLR 5961 Select,India,Hybrid,2,1,0,2,1,2,0,0,0,1,1,1,1,1,0,1,0,0,0,2,2.17,0.227,35.05,108.1,34.78,0,581.2,33.5,Clay,Gujarat
IND0473,DRR 5483,India,Japonica,0,0,1,2,0,1,2,0,2,1,0,0,1,2,0,1,1,1,2,0,1.4,0.297,31.36,119.3,38.6,0,1105.8,29.9,Clay,Jharkhand
IND0474,BPT 4858 Premium,India,Japonica,0,2,0,0,1,0,2,1,1,2,2,2,0,1,0,1,1,2,0,1,2.6,0.284,32.93,114.3,26.33,0,308.7,32.6,Clay,Gujarat
IND0475,BPT 1549 Premium,India,Indica,2,2,1,1,2,2,2,2,2,1,0,0,1,2,0,0,2,2,0,1,1.97,0.271,36.13,109.4,34.3,1,1106.9,28.1,Alluvial,Bihar
IND0476,BPT 4169 Gold,India,Traditional,1,2,2,1,0,1,1,0,2,0,1,1,2,1,1,2,2,0,1,1,2.39,0.274,38.79,91.5,33.74,0,1175.7,29.2,Clay,Maharashtra
IND0477,MTU 2266 Elite,India,Traditional,0,2,1,1,0,2,0,2,2,0,0,1,0,0,0,1,2,0,0,1,1.18,0.333,33.28,76.6,28.78,0,979.0,17.4,Sandy Loam,Himachal Pradesh
IND0478,NLR 7081,India,Aromatic,0,2,0,1,0,2,0,0,0,1,0,0,1,1,0,1,1,2,2,2,3.7,0.334,32.54,116.6,30.84,0,919.2,26.0,Laterite,Tamil Nadu
IND0479,MTU 9591 Select,India,Hybrid,1,1,1,2,2,1,2,1,1,2,0,2,2,2,1,0,2,1,0,0,3.19,0.268,30.11,93.4,37.61,1,892.6,22.2,Alluvial,Uttar Pradesh
IND0480,MTU 6084 Gold,India,Hybrid,0,0,2,0,1,1,0,1,2,1,0,2,1,0,1,1,2,0,2,2,3.49,0.29,24.9,83.3,35.87,0,2122.7,28.7,Laterite,Kerala
IND0481,BPT 4234 Select,India,Japonica,0,1,0,2,0,1,2,1,1,1,0,0,2,2,0,1,0,0,0,1,1.32,0.245,30.92,101.5,30.18,0,2890.9,29.3,Laterite,Odisha
IND0482,Co 8551 Elite,India,Traditional,1,0,0,1,2,2,0,1,2,2,0,2,0,2,2,1,0,2,2,0,0.53,0.272,31.95,78.7,24.45,1,1636.6,22.3,Red,Kerala
IND0483,Co 345 Plus,India,Hybrid,2,2,1,1,0,2,2,1,2,1,2,2,2,2,1,2,0,2,1,1,0.85,0.293,38.14,102.7,36.56,1,935.7,20.6,Loam,Andhra Pradesh
IND0484,MTU 1407 Gold,India,Improved,0,1,1,1,0,1,1,0,1,2,1,0,2,1,1,2,1,2,1,1,1.32,0.234,29.47,124.3,27.17,0,872.2,21.2,Alluvial,Uttar Pradesh
IND0485,VL 2330 Premium,India,Hybrid,1,0,2,1,1,2,0,1,1,0,0,2,1,2,2,0,1,2,2,0,1.02,0.229,36.19,114.7,25.93,1,961.5,27.1,Loam,Chhattisgarh
IND0486,Co 9261 Plus,India,Improved,1,2,0,2,2,2,0,2,0,1,0,0,0,1,2,0,0,2,2,1,1.25,0.347,31.09,85.0,25.12,1,1353.4,22.5,Black,Madhya Pradesh
IND0487,BPT 2229,India,Japonica,1,0,1,2,0,2,2,2,0,0,1,1,2,0,0,2,1,0,2,0,1.63,0.193,30.25,83.4,30.18,0,1089.4,28.4,Alluvial,Uttar Pradesh
IND0488,DRR 64 Premium,India,Indica,1,1,0,0,0,0,2,1,2,2,2,2,2,0,0,2,1,2,2,2,3.15,0.295,32.43,94.8,26.27,0,545.0,34.7,Black,Gujarat
IND0489,BPT 9390 Premium,India,Indica,1,2,2,2,0,0,0,0,1,1,1,1,0,2,1,0,0,0,2,2,2.16,0.341,37.95,118.3,29.69,0,524.5,25.6,Black,Gujarat
IND0490,Pusa 2033 Elite,India,Japonica,1,2,2,0,1,0,1,2,2,0,2,0,0,2,0,0,2,2,2,1,1.22,0.323,39.02,110.0,32.48,0,921.9,26.6,Clay,Madhya Pradesh
IND0491,VL 4969 Plus,India,Hybrid,2,2,1,2,1,0,0,0,1,2,1,0,0,1,0,1,0,2,0,2,1.19,0.21,29.53,79.2,33.6,0,853.4,20.7,Black,Madhya Pradesh
IND0492,MTU 2006 Super,India,Traditional,1,2,0,1,1,2,2,1,0,1,1,1,1,2,1,0,0,1,0,0,2.7,0.167,33.52,114.0,23.71,0,958.9,27.5,Alluvial,Uttar Pradesh
IND0493,VL 1139 Premium,India,Traditional,2,1,1,0,0,1,2,0,2,2,0,2,2,1,1,0,2,1,0,1,2.56,0.226,33.78,115.9,29.3,0,1358.3,29.0,Laterite,Tamil Nadu
IND0494,Rajendra 8698 Plus,India,Improved,2,1,0,0,0,0,2,2,1,0,0,1,0,2,0,0,2,0,2,1,2.01,0.266,25.88,122.1,30.81,1,1194.7,21.5,Laterite,Karnataka
IND0495,VL 619 Select,India,Indica,1,2,1,2,0,1,2,0,0,2,0,0,0,1,1,1,2,0,0,0,1.36,0.157,32.55,86.8,24.85,0,1380.4,23.3,Red,Karnataka
IND0496,DRR 8349 Elite,India,Aromatic,1,2,1,1,2,2,1,0,2,2,1,2,0,2,1,2,1,1,0,2,0.85,0.338,44.19,127.6,26.19,1,1405.1,27.1,Alluvial,West Bengal
IND0497,NLR 2198 Premium,India,Traditional,2,2,2,2,0,2,2,0,0,2,0,2,2,1,1,0,1,1,1,1,3.57,0.272,34.39,127.5,36.28,0,1428.4,24.8,Red,Karnataka
IND0498,MTU 882 Premium,India,Hybrid,1,0,2,2,2,1,0,2,1,2,2,0,1,2,1,1,2,0,1,0,2.41,0.279,29.88,124.5,36.3,1,882.7,30.5,Black,Maharashtra
IND0499,MTU 8868 Premium,India,Indica,1,0,1,2,2,2,0,1,2,2,0,0,1,0,0,2,2,1,0,0,1.98,0.336,39.43,95.3,28.34,0,2208.0,26.3,Laterite,Assam
IND0500,MTU 4633 Premium,India,Improved,1,2,0,1,1,2,1,1,2,1,2,2,0,2,2,0,2,1,0,0,3.1,0.252,42.0,120.6,31.08,1,1481.1,22.7,Black,Himachal Pradesh
